Marketplace,ChildASIN,ParentASIN,OrderID,ReviewID,ASINTitle,ReviewTitle,ReviewText,Rating,ReviewCreatedAt(UTC),Author,VerifiedPurchase,HasImages,ReviewDetailURL,ProductURL,FirstSeenAt(UTC),Source,SyncDate(PT)
DE,B08DQT3F3C,B08DQT3F3C,306-3998339-3545964,RNL5X5FGAZ4PS,"Spigen Glas.tR EZ Fit Schutzfolie kompatibel mit iPhone 12, iPhone 12 Pro, 2 Stück, Kratzfest, 9H Härte Folie",Tolle Installation - aber totale Umweltsauerei!,"Zur Qualität der Panzerfolie kann ich erst nach längerer Zeit etwas schreiben. Aber ohnehin ist in der Werbung der USP (unique selling point) die Installation. Sie beinhaltet die üblichen Wischtücher und Staubsticker sowie einen großen Installationsrahmen aus Plastik. Den gibt es gleich zweimal für 2 Folien. In der Tat ist die Installation damit narrensicher. Keine Blasen, kein Hin- und Herruckeln. Sehr beeindruckend. Sehr beeindruckt bin ich auch von der Masse an Ex- und Hopp Plastik. Und wenn es noch so gut geht, aber dies ist eine Umweltsauerei schlechthin. In Zukunft wieder andere.",3,2026-06-08 11:39:02,Lagos 90210,Y,N,https://www.amazon.de/gp/customer-reviews/RNL5X5FGAZ4PS,https://www.amazon.de/dp/B08DQT3F3C,2026-06-10 06:12:58,daily_full_refresh,2026-06-10
DE,B0F1C2D3L1,B0FH2BV1QP,303-2052111-4417915,R10F1SSD4PKHV1,"Spigen Ultra Hybrid Pro MagFit Hülle für Samsung Galaxy Z Flip 7, Kompatibel mit MagSafe -Neo One",Top,Top,5,2026-06-08 11:27:17,Kim,Y,N,https://www.amazon.de/gp/customer-reviews/R10F1SSD4PKHV1,https://www.amazon.de/dp/B0F1C2D3L1,2026-06-10 06:12:58,daily_full_refresh,2026-06-10
DE,B0BJS2688G,B0DZ6KTTZM,305-3959955-2625941,R16LBQD1F04IAP,Spigen Liquid Air Hülle Kompatibel mit Samsung Galaxy S23 Plus 5G -Abyss Green,Wie beschrieben eingelangt,Lieferung wie beschrieben eingelangt = OK,4,2026-06-08 11:16:42,Hermann Teskey,Y,N,https://www.amazon.de/gp/customer-reviews/R16LBQD1F04IAP,https://www.amazon.de/dp/B0BJS2688G,2026-06-10 06:12:58,daily_full_refresh,2026-06-10
DE,B0DK5WPRWW,B0F2H26QMR,306-4234262-7967551,R2O38SW5UOJ6L1,Spigen MagSlide Ausweishalter mit Band Vertikale Ausweishülle Abnehmenbares Lanyard ID Bage Holder - Schwarz,Spitze,Ist nicht billig aber bisher der beste Ausweishalter den ich verwendet habe. Vor allem das einfache Lösen vom Band und magnetische wieder anklipsen ist großartig.,5,2026-06-08 10:29:00,Matthias,Y,N,https://www.amazon.de/gp/customer-reviews/R2O38SW5UOJ6L1,https://www.amazon.de/dp/B0DK5WPRWW,2026-06-10 06:12:58,daily_full_refresh,2026-06-10
DE,B0G29Q3VZK,B0G29NPF4H,305-2899744-1099545,R2D7YRR83I2QA5,"Spigen Glas.tR Slim Schutzfolie kompatibel mit Xiaomi 15T Pro, Xiaomi 15T, 2 Stück, Kristallklar, Hochauflösend, Präzise Berührung, Kratzfest, 9H Härte Folie",Naja nach 2 Monaten wieder kaputt,War jetzt auch nicht wirklich besser als die günstigsten Folien,2,2026-06-08 10:25:35,Sebastian,Y,N,https://www.amazon.de/gp/customer-reviews/R2D7YRR83I2QA5,https://www.amazon.de/dp/B0G29Q3VZK,2026-06-10 06:12:58,daily_full_refresh,2026-06-10
DE,B0BZ67PG7L,B0BZ67PG7L,,R3EMG04D6TES0X,Spigen Thin Fit Hülle Kompatibel mit Google Pixel 8 -Metal Slate,Weak,"First time i dropped my phone, it got brocken. The case didn't help.",3,2026-06-08 09:51:51,Göker,Y,N,https://www.amazon.de/gp/customer-reviews/R3EMG04D6TES0X,https://www.amazon.de/dp/B0BZ67PG7L,2026-06-10 06:12:58,daily_full_refresh,2026-06-10
DE,B0FCV9SC23,B0FCV9SC23,302-5289443-0481902,R1GXHFDT0YSTNW,"Spigen Liquid Crystal Hülle für AirPods Pro 3. Generation (2025), TPU-Schutzhülle mit silbernem Lanyard - Kristallklar",Würde ich immer wieder kaufen,"Spigen ist immer nochmal einen Tick besser als die Billigprodukte, passt wie angegossen um das Case der Airpods, Material ist mittelweich und kristallklar",5,2026-06-08 09:01:30,Thomas D.,Y,N,https://www.amazon.de/gp/customer-reviews/R1GXHFDT0YSTNW,https://www.amazon.de/dp/B0FCV9SC23,2026-06-10 06:12:58,daily_full_refresh,2026-06-10
DE,B0FBDNQ625,B0FDQP46Z2,304-4960700-3281157,R2RSVXG28KRCNK,"Spigen Glas.tR EZ Fit Optik Kameraschutz kompatibel mit Google Pixel 10 Pro XL, 2 Stück, Kristallklar, Rundumschutz, Anti-Kratzer, 9H Härte Schutzfolie",Schutz ja. Fotoqualität leidet etwas.,"Dieses Schutzglas erfüllt voll und ganz seinen Zweck.<br />Alles absolut in Ordnung<br />Kann man absolut empfehlen.<br /><br />Warum dann nur 3 Sterne.<br />Ganz einfach.<br />Ich kaufe mir nicht ein Handy für über 1000 Euro wegen der Kamera um mich dann durch einen Schutz wie dieses Glas hier einzuschränken.<br />Die Qualität leider unter dem Schutzglas.<br />Auch wenn viele schreiben das es nicht so wäre.<br />Man sieht das nicht nur im Vergleich der Bilder, sondern extrem wenn man wie ich das Glas nimmt und einfach Mal durch schaut.<br />Sehr euch durch dieses Glas verschiedene Motive direkt an und schon sieht man den Unterschied.<br />Nicht erst wenn es auf dem Handy klebt.<br />Sondern direkt so.<br />Deshalb kam es wieder runter und ein Alurahmen ohne Glas drauf und das Kameraglas zu schützen.",3,2026-06-08 08:33:40,U.C.,Y,N,https://www.amazon.de/gp/customer-reviews/R2RSVXG28KRCNK,https://www.amazon.de/dp/B0FBDNQ625,2026-06-10 06:12:58,daily_full_refresh,2026-06-10
DE,B0FLRDQYV3,B0FLRDQYV3,305-7416708-1965932,R32KER11U105FY,"Spigen Tesla Model Y Juniper 2025~ Model 3 Highland 2024~ (Nur Standard & Premium, Nicht Performance) Handyhalterung Auto für MagSafe Autohalterung, Tesla Zubehör für iPhone 17 16 15 Pro Max 17e",Toll für ein zusätzliches Display im Auto.,"Hochwertige Halterung von Spigen mit angenehmer Haptik und guter Verarbeitung. Der Luftstrom wird zwar etwas beeinträchtigt, was konstruktionsbedingt jedoch nicht anders möglich ist. Da sich die Halterung leicht entfernen lässt, gibt es von mir eine klare Empfehlung. Ideal für Enhance-Auto!",4,2026-06-08 07:47:47,Chris,Y,N,https://www.amazon.de/gp/customer-reviews/R32KER11U105FY,https://www.amazon.de/dp/B0FLRDQYV3,2026-06-10 06:12:58,daily_full_refresh,2026-06-10
DE,B0D222735M,B0FZBKYBP6,,R2UKXLA1ZIGSVA,Spigen für iPhone 16 Pro Hülle [Anti-Yellowing] Ultra Hybrid MagFit Case Handyhülle Transparent Dünn Slim Kompatibel mit MagSafe -Carbon Fiber,Top!!,Sehr zufrieden!!,5,2026-06-08 07:39:50,Kara,Y,N,https://www.amazon.de/gp/customer-reviews/R2UKXLA1ZIGSVA,https://www.amazon.de/dp/B0D222735M,2026-06-10 06:12:58,daily_full_refresh,2026-06-10
DE,B0CFGJWKXB,B0CFGJWKXB,,R19IWDOH0R3T2V,"Caseology Reisepasshülle mit Standfunktion und RFID-Blockierung, Reisepass Kartenhalter, Reisepass Organizer mit Zubehör inklusive SIM-Karten-Pin – Mulberry Indigo",A little bulky but convenient,"A pretty convenient case. It can hold pretty much everything I need, but it is a little bulky (nothing too cumbersome, and it could be because I'm not used to using wallets).",4,2026-06-08 07:30:22,Billie Yankie,Y,N,https://www.amazon.de/gp/customer-reviews/R19IWDOH0R3T2V,https://www.amazon.de/dp/B0CFGJWKXB,2026-06-10 06:12:58,daily_full_refresh,2026-06-10
DE,B0CVR4XWBL,B0CVR4XWBL,304-6125304-6051502,R20O95WAKU825K,Spigen Ultra Hybrid ZeroOne Hülle für Google Pixel 9 Pro und Pixel 9 [Made for Google],Prima,"Sieht toll aus, passt genau.",5,2026-06-08 06:08:36,Amazon Kunde,Y,N,https://www.amazon.de/gp/customer-reviews/R20O95WAKU825K,https://www.amazon.de/dp/B0CVR4XWBL,2026-06-10 06:12:58,daily_full_refresh,2026-06-10
DE,B0F8RGNXJC,B0F9WTD4JQ,306-3040681-2589953,R3NS0RSO5901V1,"Spigen EZ Fit Schutzfolie [2er-Pack] für Samsung Galaxy Z Flip7, Displayschutz für das äußere Display – 9H Kratzschutz, Installationskit",Panzerglas,Etwas teuer aber sehr gut die Montage mal schauen wie lange es hebt und es passt wirklich sehr gut.,5,2026-06-08 04:40:20,Danielo Azisov,Y,N,https://www.amazon.de/gp/customer-reviews/R3NS0RSO5901V1,https://www.amazon.de/dp/B0F8RGNXJC,2026-06-10 06:12:58,daily_full_refresh,2026-06-10
DE,B0DM16MJSG,B0DS6D2ZJP,304-1363389-3580361,R2W4VDB2SWFJI0,"Spigen Dual Pop MagFit MagSafe Ring Magnet Halterung, Doppelseitiger MagSafe Flexibel [4mm & 21g] für iPhone 17 17e 16 15 14 Pro Max Air, Pixelsnap Pixel 10 Pro XL, Samsung Galaxy S26 Ultra - Grau",Schwacher Magnet,"Für Spigen ein sehr enttäuschender Kauf, nach 2 Tagen kein Halt mehr vom Magneten",1,2026-06-08 00:38:14,Gerald,Y,N,https://www.amazon.de/gp/customer-reviews/R2W4VDB2SWFJI0,https://www.amazon.de/dp/B0DM16MJSG,2026-06-10 06:12:58,daily_full_refresh,2026-06-10
DE,B0CNFB3FFW,B0DZ6KTTZM,303-1903374-5767554,R35E8B0D962XNG,Spigen Liquid Air Hülle Kompatibel mit Samsung Galaxy S24 Ultra -Grau,NICHT zu empfehlen,"Die Hülle hat grob verarbeitete, scharfkantige Stellen. NICHT mobil magsafefähig.KEINEReaktion auf meine Mail vom Support.  Schade",1,2026-06-07 23:45:53,Florian L,Y,N,https://www.amazon.de/gp/customer-reviews/R35E8B0D962XNG,https://www.amazon.de/dp/B0CNFB3FFW,2026-06-10 06:12:58,daily_full_refresh,2026-06-10
DE,B0CV71SSMQ,B0DRSW6BCG,,RHT5L5MKVT0KN,Spigen Ultra Hybrid Metal Ring MagFit Hülle Kompatibel mit Samsung Galaxy S24 Ultra -Zero One Titanium,Gut aber...,Kunstoff vergilbt schnell...nicht schön für die Optik... sollte man was in der Produktion was ändern..sonst gute Optik,4,2026-06-07 21:52:54,Amazon Kunde,Y,N,https://www.amazon.de/gp/customer-reviews/RHT5L5MKVT0KN,https://www.amazon.de/dp/B0CV71SSMQ,2026-06-10 06:12:58,daily_full_refresh,2026-06-10
DE,B0FH5WYKX6,B0G6Y6XB4Z,306-8740586-5632336,R2RHSXJ7B5JB74,Spigen iPhone 17 Pro Max Hülle Signature Ultra Hybrid MagFit Case Handyhülle Transparent Kompatibel mit MagSafe -Frost Black Orange,Super Hülle für MagSafe,"Perfekt genau wie erwartet, Magnet hält sehr gut.",5,2026-06-07 21:52:38,Florian Schulze,Y,N,https://www.amazon.de/gp/customer-reviews/R2RHSXJ7B5JB74,https://www.amazon.de/dp/B0FH5WYKX6,2026-06-10 06:12:58,daily_full_refresh,2026-06-10
DE,B0FD2CB7F2,B0FQMPZFVM,303-4644992-5612353,R1CLVNLYCP6LW0,Spigen iPhone 17 Hülle [Spigen Premium Qualität] Rugged Armor MagFit Case Carbonfaser Muster Handyhülle TPU Schutzhülle Kompatibel mit MagSafe -Gray,Finde ich besser als 40€ Rhinoshield Hülle,"Fühlt sich super an, Man hat richtig gripp, sehr hochwertig, MagSafe hält auch, Qualitat top",5,2026-06-07 21:10:15,AYS,Y,N,https://www.amazon.de/gp/customer-reviews/R1CLVNLYCP6LW0,https://www.amazon.de/dp/B0FD2CB7F2,2026-06-10 06:12:58,daily_full_refresh,2026-06-10
DE,B0FVB4P3R1,B0DS1S2MJF,306-4337573-5577113,R1OVQ6PJI2AI2O,Spigen Slim Armor CS für Samsung Galaxy S26 Ultra Hülle [Eingebautes Kartenfach] Case Handyhülle Kompatibel mit MagSafe –Schwarz,"Good item, worth of its money",Good quality,5,2026-06-07 20:33:25,Alex,Y,N,https://www.amazon.de/gp/customer-reviews/R1OVQ6PJI2AI2O,https://www.amazon.de/dp/B0FVB4P3R1,2026-06-10 06:12:58,daily_full_refresh,2026-06-10
DE,B0F97BSKSM,B0F97BSKSM,304-8838938-5160325,R1EKNNWGHOVPXS,Spigen Liquid Air Hülle Kompatibel mit Samsung Galaxy Watch 8 Classic 46mm (2025) - Matt Schwarz,Unpractiche,eine nutzlose und unpraktische Sache,2,2026-06-07 18:26:51,Oleksandr Harustovych,Y,N,https://www.amazon.de/gp/customer-reviews/R1EKNNWGHOVPXS,https://www.amazon.de/dp/B0F97BSKSM,2026-06-10 06:12:58,daily_full_refresh,2026-06-10
DE,B0D5JRJCVX,B0D5JRJCVX,303-1314238-5865920,R1DL09YZ5XCQSM,"Spigen Rugged Armor Hülle Kompatibel mit Samsung Galaxy Watch Ultra 47mm (2024, 2025) - Matt Schwarz","Gute, passende stabile Hülle","Gute, passende stabile Hülle",5,2026-06-07 18:22:18,Nutstree,Y,N,https://www.amazon.de/gp/customer-reviews/R1DL09YZ5XCQSM,https://www.amazon.de/dp/B0D5JRJCVX,2026-06-10 06:12:58,daily_full_refresh,2026-06-10
DE,B0FVBMCTG6,B0GQ568HPC,302-1296246-3842724,R2YYGLLZEUMTFQ,"Spigen Liquid Air MagFit für Samsung Galaxy S26 Ultra Hülle [rutschfest] Slim TPU mit Truss-Design, Militärgeprüfter Schutz Case Handyhülle, Kompatibel mit MagSafe –Matte Black","Gute, griffige Hülle","Die Hülle ist sehr gut und griffig. Ich nutze bei jedem Handy immer die gleiche Hülle von Spigen, weil es die für mich beste ist.",5,2026-06-07 17:54:10,T.T,Y,N,https://www.amazon.de/gp/customer-reviews/R2YYGLLZEUMTFQ,https://www.amazon.de/dp/B0FVBMCTG6,2026-06-10 06:12:58,daily_full_refresh,2026-06-10
DE,B0DJCK4D2X,B0GP93VDWC,028-0093710-7932347,R2Q91ZPJ3RAGBZ,Spigen Liquid Air Hülle Kompatibel mit Google Pixel 9a -Matte Black,Sehr gut,Hülle ist sehr robust und passgenau,5,2026-06-07 17:16:46,Sascha,Y,N,https://www.amazon.de/gp/customer-reviews/R2Q91ZPJ3RAGBZ,https://www.amazon.de/dp/B0DJCK4D2X,2026-06-10 06:12:58,daily_full_refresh,2026-06-10
DE,B0CWS92YJV,B0F6383333,028-2909585-6936368,R2F7GCVPP9C90L,Spigen Rugged Armor Hülle Kompatibel mit Google Pixel 9 Pro XL [Made for Google] -Marble Gray,Das Original Case,Super top 👍👍👍👍👍👍👍👍👍👍👍,5,2026-06-07 16:48:40,Alex Malanez,Y,N,https://www.amazon.de/gp/customer-reviews/R2F7GCVPP9C90L,https://www.amazon.de/dp/B0CWS92YJV,2026-06-10 06:12:58,daily_full_refresh,2026-06-10
DE,B0CP32NCGL,B0CP32NCGL,302-1298507-5192333,R2EHGNUMUTBSJC,"Spigen Glas.tR EZ Fit Schutzfolie kompatibel mit Samsung Galaxy S24 Ultra, 2 Stück, Kratzfest, Kristallklar, 9H Härte Folie",Lacking Display Coverage,"It does not cover the whole S24 Ultra display, which I would have expected to be a perfect fit. In contrast, the S26 Ultra display is covered completely from the Spigen EZ Fit.",2,2026-06-07 16:36:43,Lagos,Y,N,https://www.amazon.de/gp/customer-reviews/R2EHGNUMUTBSJC,https://www.amazon.de/dp/B0CP32NCGL,2026-06-10 06:12:58,daily_full_refresh,2026-06-10
DE,B0F49CH9JT,B0GPCSNK4Z,305-8764147-5111507,R1I8FOY5D1IY6B,"Spigen Tough Armor (AI) MagFit Hülle für Google Pixel 10 Pro XL, Kompatibel Mit Pixelsnap und MagSafe [2025 Neue Funktion] -Schwarz",Top Qualität,Passt einwandfrei und sehr gute Qualität wie man sie von Spigen kennt,5,2026-06-07 16:10:11,ANONYMOUS DUKE,Y,N,https://www.amazon.de/gp/customer-reviews/R1I8FOY5D1IY6B,https://www.amazon.de/dp/B0F49CH9JT,2026-06-10 06:12:58,daily_full_refresh,2026-06-10
DE,B0FC8971XW,B0DK19SDFW,302-7624041-3505113,R1RKCLEXHISPB8,Spigen für Samsung Galaxy S25 FE Hülle [Fallschutz in Militärqualität] Rugged Armor Handyhülle Samsung S25 FE -Matte Black,Superqualität!,Besser geht es nicht!,5,2026-06-07 15:50:11,Kindle-Kunde,Y,N,https://www.amazon.de/gp/customer-reviews/R1RKCLEXHISPB8,https://www.amazon.de/dp/B0FC8971XW,2026-06-10 06:12:58,daily_full_refresh,2026-06-10
DE,B0G7S8J7SJ,B0GQ9MW1XR,303-5853861-7373908,R383613ZYCOV53,"Spigen Glas.tR EZ Fit Pro Schutzfolie kompatibel mit Samsung Galaxy S26 Ultra, 2 Stück, inklusive Installationskit, Kratzfest, Kristallklar, 10H+ Härte Folie",Nicht tauglich für Fingerprint,Fingerabdruck Erkennung praktisch nicht möglich. Absolut untauglich,1,2026-06-07 15:32:40,J. B.,Y,N,https://www.amazon.de/gp/customer-reviews/R383613ZYCOV53,https://www.amazon.de/dp/B0G7S8J7SJ,2026-06-10 06:12:58,daily_full_refresh,2026-06-10
DE,B0FPJ6RYFN,B0D1816PWX,302-1141582-5215513,R370NDNID5KAA7,"Spigen Glas.tR EZ Fit Schutzfolie für Tesla Model Y L(2026), Model Y Standard(2026), Model Y Performance(2024-2026), Model Y Premium(2026), inkl. Installationsset, 16 Zoll,Blendschutz,Kratzfest,10H+",Unscharf. Finger weg!,Unfassbar unscharf!!! Finger weg!<br />Direkt wieder entfernt.,1,2026-06-07 14:11:29,FINNO,Y,Y,https://www.amazon.de/gp/customer-reviews/R370NDNID5KAA7,https://www.amazon.de/dp/B0FPJ6RYFN,2026-06-10 06:12:58,daily_full_refresh,2026-06-10
DE,B0FBHD7RVT,B0FBHD7RVT,302-4106529-6061965,R22CNB60PK3BPZ,"Spigen Tesla Model Y 2025 2026 Juniper (Nur Premium & Performance) Ladekantenschutz Kofferraum, Innenraum-Kofferraumschutz, Werkzeugfreie Installation, Hochwertiges TPE, Vollständiger Kantenschutz",Vorsicht!,Vorsicht mit dem Klett beschädigt man die Oberfläche!,1,2026-06-07 13:50:55,FINNO,Y,N,https://www.amazon.de/gp/customer-reviews/R22CNB60PK3BPZ,https://www.amazon.de/dp/B0FBHD7RVT,2026-06-10 06:12:58,daily_full_refresh,2026-06-10
DE,B0CJL27HLV,B0CJL27HLV,302-4485689-0238706,RQTSGYUHVIVW7,"Spigen Wagenheber Gummiauflage für Tesla Model Y (~2026) Model 3 (~2026), Model X S, 4 Stücke Jack Pad Adapter Tesla Zubehör mit Intelligente Aufbewahrungsbox, Schützt Batterie und Chassis","Top JackPads, haben sich jetzt schon bewert.","Top, die Verpackung ist super, die Pads sind richtig gut und echt praktisch. Das sie in einer Aufbewahrungsbox kommen, die magnetisch schließt finde ich auch Mega gut.",5,2026-06-07 13:22:09,micha,Y,N,https://www.amazon.de/gp/customer-reviews/RQTSGYUHVIVW7,https://www.amazon.de/dp/B0CJL27HLV,2026-06-10 06:12:58,daily_full_refresh,2026-06-10
DE,B0FC7F7CRF,B0FQ9QVRY6,302-3259012-1316329,R2OX24QJQ0M63A,Spigen für Samsung Galaxy S25 FE Hülle [Anti Vergilbung] Ultra Hybrid Handyhülle Samsung S25 FE Transparent Durchsichtig -Crystal Clear,Very good compared to other options at a great price,I really like this phone case because unlike other cheaper options that ive tried (and this one actually has an excellent price too) it holds the phone well and dosent warp over time. its a bit tough to apply but its for the better because it really holds the phone snugly and gives a very reassuring feeling. I'd definitely buy it again.,5,2026-06-07 13:11:40,Ocevi,Y,N,https://www.amazon.de/gp/customer-reviews/R2OX24QJQ0M63A,https://www.amazon.de/dp/B0FC7F7CRF,2026-06-10 06:12:58,daily_full_refresh,2026-06-10
DE,B0FD2VP7P7,B0CTBYL8TZ,306-5701859-6941167,R3LYRFRDQS90AU,"Spigen iPhone 17 Hülle [2025 Upgrade 360° Ständer] [Dura Clear] Ultra Hybrid S MagFit Case Handyhülle Stoßfest Kratzfest, Kompatibel mit MagSafe -Clear White",Vergilbt nach wenigen Monaten,"Die Hülle macht was sie soll. Sie ist transparent, sie schützt und nach wenigen Wochen ist sie vergilbt!<br /><br />Ich kann das Produkt keinesfalls empfehlen!",2,2026-06-07 12:55:54,M. Georgius-Mathée,Y,N,https://www.amazon.de/gp/customer-reviews/R3LYRFRDQS90AU,https://www.amazon.de/dp/B0FD2VP7P7,2026-06-10 06:12:58,daily_full_refresh,2026-06-10
DE,B0FD2LF2M6,B0G6Y6XB4Z,306-7831648-0009916,R2R0U0G8HH94FA,Spigen iPhone 17 Hülle [Spigen Signature] Ultra Hybrid MagFit Case Handyhülle Transparent Kompatibel mit MagSafe -Frost White,Gute Qualität!,"Die Tasten sind hochwertig verarbeitet und haptisch gut wahrnehmbar, während der Bildschirm optimal geschützt ist.",5,2026-06-07 11:54:45,FloCos,Y,N,https://www.amazon.de/gp/customer-reviews/R2R0U0G8HH94FA,https://www.amazon.de/dp/B0FD2LF2M6,2026-06-10 06:12:58,daily_full_refresh,2026-06-10
DE,B0D84YX465,B0FMQXDRZW,306-9601988-6013159,R2TNHL0R65U00T,"Spigen Glas.tR EZ Fit Schutzfolie kompatibel mit iPhone 17 Pro, iPhone 17, iPhone 16 Pro, 2 Stück, Kratzfest, inklusive Installationskit, Kristallklar, 9H Härte Folie",Exzellente Qualität!,"Dies repräsentiert die höchste Qualität, die ich bisher erfahren durfte. Eine uneingeschränkte Empfehlung wird ausgesprochen. Die Montage gestaltet sich äußerst unkompliziert.",5,2026-06-07 11:49:52,FloCos,Y,N,https://www.amazon.de/gp/customer-reviews/R2TNHL0R65U00T,https://www.amazon.de/dp/B0D84YX465,2026-06-10 06:12:58,daily_full_refresh,2026-06-10
DE,B0FBDNQ625,B0FDQP46Z2,028-6586649-8419539,R8JCGYR4T96P7,"Spigen Glas.tR EZ Fit Optik Kameraschutz kompatibel mit Google Pixel 10 Pro XL, 2 Stück, Kristallklar, Rundumschutz, Anti-Kratzer, 9H Härte Schutzfolie",Hervorragender Kameraschutz ohne optische Nachteile.,"Ich habe den Kamerabalken meines Pixel 10 Pro XL zusätzlich mit diesem Schutzglas geschützt. Es passt perfekt zu meiner transparenten Schutzhülle, sowie dem Displayschutzglas desselben Herstellers, welche es optimal ergänzt. Zunächst war ich etwas skeptisch, daß dieses gehärtete Schutzglas die optische Qualität meiner Kameras negativ beeinflussen könnte, aber diese Angst war vollkommen unbegründet.  Ich bin sehr zufrieden. Meine klare Kaufempfehlung.",5,2026-06-07 11:42:19,Andrius,Y,N,https://www.amazon.de/gp/customer-reviews/R8JCGYR4T96P7,https://www.amazon.de/dp/B0FBDNQ625,2026-06-10 06:12:58,daily_full_refresh,2026-06-10
DE,B0FCFC9WL2,B0FQSD86KK,306-5031757-7618705,R17B9J6IHJTBPZ,"Spigen Glas.tR EZ Fit Pro Schutzfolie kompatibel mit iPhone 17 Pro, iPhone 17, iPhone 16 Pro, 2 Stück, inklusive Installationskit, Kratzfest, Kristallklar, 9H Härte Folie",Fragile,Breaks and scratches so easily Im genuinely considering just going without,1,2026-06-07 11:24:23,Alexander Frömert,Y,N,https://www.amazon.de/gp/customer-reviews/R17B9J6IHJTBPZ,https://www.amazon.de/dp/B0FCFC9WL2,2026-06-10 06:12:58,daily_full_refresh,2026-06-10
DE,B0FD2M8KXX,B0FD2M8KXX,302-2565959-6316302,R20776ETCBSA8F,"Spigen iPhone 17 Hülle [Zero One Edition] [Dura Clear Tech] Hightech-Design Ultra Hybrid MagFit Case Handyhülle, Kompatibel mit MagSafe Zubehör -Zero One White",Vergilbt wie alle anderen clear cases,Qualität super aber vergilbt nach ca 3 Monaten - nach 6 deutlich.,3,2026-06-07 11:22:35,Paul S,Y,N,https://www.amazon.de/gp/customer-reviews/R20776ETCBSA8F,https://www.amazon.de/dp/B0FD2M8KXX,2026-06-10 06:12:58,daily_full_refresh,2026-06-10
DE,B0GK66R3N4,B0H2LWJPTV,028-9879234-4062721,R3PZWW6X6PMSJN,"Spigen ArcStation Essential GaN 45W 1-Port USB-C Ladegerät [inkl. 100W USB-C E-Marker Kabel] PD 3.0 PPS Netzteil Schnellladegerät für iPhone 17 16 Pro Max Air, Galaxy S25, Pixel 10 Pro XL 9a - Schwarz",Top Gerät,Top Gerät!!,5,2026-06-07 11:09:48,B.E,Y,N,https://www.amazon.de/gp/customer-reviews/R3PZWW6X6PMSJN,https://www.amazon.de/dp/B0GK66R3N4,2026-06-10 06:12:58,daily_full_refresh,2026-06-10
DE,B09YMV3TXX,B09YMV3TXX,,R2RF8NEN53OB7P,Spigen Ultra Hybrid Hülle Kompatibel mit Google Pixel 7 Pro -Crystal Clear,Sehr gute  transparente Smartphonehüllen.,"Ich mag diese transparenten Hüllen. Sie sind von hoher Qualität, passgenau, schützen die Kameras durch einen leicht erhöhten Rand, sind von Google zertifiziert und sind mit Luftpolsterecken ausgestattet Da solche transparenten Hüllen gemeinhin, je nach UV-Exposition, vergilben, sind diese aus unterschiedlichen Materialien gefertigt, die Rückseite aus einem härteren, das nie vergilbt, die Seiten aus einem weicheren, das schon nach einiger Zeit irgendwann vergilbt, aber insgesamt sehen sie dennoch länger gut aus, ehe sie ersetzt werden müssen. Und sie sehen wirklich richtig gut aus, da die natürliche Schönheit des Smartphones erhalten bleibt. Diese Hüllen haben eine gute Griffestigkeit, selbst bei nassen, oder schwitzigen Händen im Hochsommer. Meine klare Empfehlung",5,2026-06-07 10:40:09,Andrius,Y,N,https://www.amazon.de/gp/customer-reviews/R2RF8NEN53OB7P,https://www.amazon.de/dp/B09YMV3TXX,2026-06-10 06:12:58,daily_full_refresh,2026-06-10
DE,B09S8KP499,B0B1DM55TG,028-7414332-3700367,R3OFFCDQ14IUUX,Spigen Ultra Hybrid Hülle Kompatibel mit Google Pixel 6a -Crystal Clear,"Sehr gute, transparente Smartphonehüllen.","Ich mag diese transparenten Hüllen. Sie sind von hoher Qualität, passgenau, schützen die Kameras durch einen leicht erhöhten Rand, sind von Google zertifiziert und sind mit Luftpolsterecken ausgestattet Da solche transparenten Hüllen gemeinhin, je nach UV-Exposition, vergilben, sind diese aus unterschiedlichen Materialien gefertigt, die Rückseite aus einem härteren, das nie vergilbt, die Seiten aus einem weicheren, das schon nach einiger Zeit irgendwann vergilbt, aber insgesamt sehen sie dennoch länger gut aus, ehe sie ersetzt werden müssen. Und sie sehen wirklich richtig gut aus, da die natürliche Schönheit des Smartphones erhalten bleibt. Diese Hüllen haben eine gute Griffestigkeit, selbst bei nassen, oder schwitzigen Händen im Hochsommer. Meine klare Empfehlung.",5,2026-06-07 10:38:54,Andrius,Y,N,https://www.amazon.de/gp/customer-reviews/R3OFFCDQ14IUUX,https://www.amazon.de/dp/B09S8KP499,2026-06-10 06:12:58,daily_full_refresh,2026-06-10
DE,B09HSW26DW,B09HSW26DW,,RFKOFVH2DBG8W,Caseology Parallax Hülle Kompatibel mit Samsung Galaxy S22 Ultra 5G - Midnight Green,.,Gutte produkt,5,2026-06-07 10:32:34,Besim Lyte,Y,N,https://www.amazon.de/gp/customer-reviews/RFKOFVH2DBG8W,https://www.amazon.de/dp/B09HSW26DW,2026-06-10 06:12:58,daily_full_refresh,2026-06-10
DE,B0FB21Y48P,B0FB21Y48P,305-3996626-4973158,R3PV3H8EHTCBSI,"Spigen Modern Fit 316L Metall Armband Entwickelt für Samsung Galaxy Watch 8 44mm/40mm, 8 Classic 46mm (2025) Edelstahl - Silber",Gut,Armband ist sein Geld wert,5,2026-06-07 10:28:09,Döörk,Y,N,https://www.amazon.de/gp/customer-reviews/R3PV3H8EHTCBSI,https://www.amazon.de/dp/B0FB21Y48P,2026-06-10 06:12:58,daily_full_refresh,2026-06-10
DE,B0G7S8J7SJ,B0GQ9MW1XR,303-9939191-3553123,R3FK0WLPTUR82J,"Spigen Glas.tR EZ Fit Pro Schutzfolie kompatibel mit Samsung Galaxy S26 Ultra, 2 Stück, inklusive Installationskit, Kratzfest, Kristallklar, 10H+ Härte Folie",Sehr zufrieden,Alles gut,5,2026-06-07 10:05:48,alexander hild,Y,N,https://www.amazon.de/gp/customer-reviews/R3FK0WLPTUR82J,https://www.amazon.de/dp/B0G7S8J7SJ,2026-06-10 06:12:58,daily_full_refresh,2026-06-10
DE,B0G7STMFKY,B0GQ9XF4C2,303-9939191-3553123,RACFZK7XNGLWF,"Spigen Glas.tR EZ Fit Optik Pro Kameraschutz kompatibel mit Samsung Galaxy S26 Ultra, 2 Stück, Schwarz, Individuelle Kameraprotektion, Anti-Kratzer, 9H Härte Folie",Sehr zufrieden,Sehr einfache Montage keine blassen<br />Einfach gut,5,2026-06-07 10:02:45,alexander hild,Y,N,https://www.amazon.de/gp/customer-reviews/RACFZK7XNGLWF,https://www.amazon.de/dp/B0G7STMFKY,2026-06-10 06:12:58,daily_full_refresh,2026-06-10
DE,B0BZ5VLZY6,B0F53B9161,302-4949887-1188338,R3R3LOLZ2HETLZ,Spigen Rugged Armor Hülle Kompatibel mit Google Pixel 8 Pro -Schwarz,"Guter Sitz, guter Schutz....","Passt genau, sieht gut aus, besonders der Kamerabalken, und ist an den Ecken etwas mehr geschützt. Bei dem günstigen Preis eine tolle Hülle.",5,2026-06-07 09:27:34,Matze,Y,N,https://www.amazon.de/gp/customer-reviews/R3R3LOLZ2HETLZ,https://www.amazon.de/dp/B0BZ5VLZY6,2026-06-10 06:12:58,daily_full_refresh,2026-06-10
DE,B0FD1TT96X,B0G6Y6XB4Z,304-9304126-9484349,R3F36EY2I67QJJ,Spigen iPhone 17 Pro Max Hülle [Spigen Signature] Ultra Hybrid MagFit [Dura Clear Tech] Case Handyhülle Transparent Kompatibel mit MagSafe -Clear White,Mangelhafte Qualität und schlechter Spigen Support,Ganz schlechtes Produkt. Riss auf der Rückseite nach 3 Wochen. Fotos wurden an Support von Spigen gesendet. Eine Garantie wurde abgelehnt und kein Ersatz gesendet. Ich werde nun nochmal bei Amazon reklamieren. Spigen kann ich nicht mehr empfehlen. Der Support ist eine Katastrophe!,1,2026-06-07 09:14:24,Mario,Y,Y,https://www.amazon.de/gp/customer-reviews/R3F36EY2I67QJJ,https://www.amazon.de/dp/B0FD1TT96X,2026-06-10 06:12:58,daily_full_refresh,2026-06-10
DE,B0F49G24KV,B0FMWMHSP9,304-9937834-8369154,R3N8OMN36HTRM4,"Spigen Liquid Air MagFit Hülle für Google Pixel 10 und Pixel 10 Pro, Kompatibel Mit Pixelsnap und MagSafe [2025 Neue Funktion] [Made for Google] -Schwarz",Spigen sind die besten,"Ich benutze seit Jahren Spigen-Hüllen, und bin immer wieder von der Qualität und Haltbarkeit überzeugt. An meine Handys kommt keine andere Hülle. Diese at das MagFit Gimmick, was es ermöglicht MagSafe-Halterungen und Charger zu nutzen und das Handy einfach mit Magnet an metallene Gegenstände zu klemmen, besonders praktisch für Videos im Gym.",5,2026-06-07 09:11:04,John316,Y,N,https://www.amazon.de/gp/customer-reviews/R3N8OMN36HTRM4,https://www.amazon.de/dp/B0F49G24KV,2026-06-10 06:12:58,daily_full_refresh,2026-06-10
DE,B0FF812QNY,B0FRFW2XCN,303-9399387-2693138,RDJN53TOMZR0Y,"Spigen Basis-Stoffarmband mit Hakenverschluss Entwickelt für Apple Watch Ultra 2/1 49mm, Serie 11/10 46mm, 9/8/7 45mm, SE2/SE/6/5/4 44mm - Schwarz Orange",Nice strap,Very nice strap I find it very stylish and comfortable from gym to all day wear!,5,2026-06-07 09:03:59,DemetrisVa,Y,N,https://www.amazon.de/gp/customer-reviews/RDJN53TOMZR0Y,https://www.amazon.de/dp/B0FF812QNY,2026-06-10 06:12:58,daily_full_refresh,2026-06-10
DE,B09YJVTLBN,B0D4QRJBKZ,304-1294646-2187513,R20VP8SFFUUMEM,"Spigen AlignMaster Schutzfolie kompatibel mit Google Pixel 6a, 2 Stück, Kratzfest, 9H Härte Folie",Sehr gute Displayschutzgläser mit Montagehilfe.,"Ich mag diese Schutzgläser. Robust, sehr gute Lichtdurchlässigkeit und sehr responsiv auf Tocheingaben, wenn man deren Empfindlichkeit im Betriebssytem erhöht, welches in der Montageanleitung gut beschrieben wird. Das Beste bei diesen Displayschutzgläsern ist jedoch die mitgelieferte Montagehilfe, die es auch dem ungeübten Laien ermöglicht, diese absolut präzise und zentrisch anzubringen. Meine klare Empfehlung.",5,2026-06-07 09:00:33,Andrius,Y,N,https://www.amazon.de/gp/customer-reviews/R20VP8SFFUUMEM,https://www.amazon.de/dp/B09YJVTLBN,2026-06-10 06:12:58,daily_full_refresh,2026-06-10
DE,B0D854KDG3,B0F4WLL6HL,303-3131822-9141108,RDE7KGN0ODQHK,"Spigen Glas.tR EZ Fit Schutzfolie kompatibel mit Google Pixel 10 Pro XL, Pixel 9 Pro XL, 2 Stück, Kratzfest, inklusive Installationskit, Kristallklar, 9H Härte Folie",Sehr guter Disolayschutz mit Montagehilfe.,"Ich mag diese Schutzgläser. Robust, sehr gute Lichtdurchlässigkeit und sehr responsiv auf Tocheingaben, wenn man deren Empfindlichkeit im Betriebssytem erhöht, welches in der Montageanleitung gut beschrieben wird. Das Beste bei diesen Displayschutzgläsern ist jedoch die mitgelieferte Montagehilfe, die es auch dem ungeübten Laien ermöglicht, diese absolut präzise und zentrisch anzubringen. Meine klare Empfehlung.",5,2026-06-07 08:58:57,Andrius,Y,N,https://www.amazon.de/gp/customer-reviews/RDE7KGN0ODQHK,https://www.amazon.de/dp/B0D854KDG3,2026-06-10 06:12:58,daily_full_refresh,2026-06-10
DE,B0FZPY2FT6,B0GP93QVH3,306-3921797-5112359,R1MY9IF0ATDKYT,Spigen Ultra Hybrid für Google Pixel 10a Hülle [Anti Vergilbung] Ultra Hybrid Case Handyhülle Transparent Schutzhülle Slim Dünn –Crystal Clear,Top 👍,Gute Haptik und Passform,5,2026-06-07 08:56:21,M. T.,Y,N,https://www.amazon.de/gp/customer-reviews/R1MY9IF0ATDKYT,https://www.amazon.de/dp/B0FZPY2FT6,2026-06-10 06:12:58,daily_full_refresh,2026-06-10
DE,B0DJ9WN3PW,B0DVSZM1LC,,R2NJLE4H3CX5QL,"Spigen Samsung Enzo Aramid Case für Galaxy S25 Ultra, Designed for, Hülle aus Aramidfasern, Magnet zum Anbringen von Gadgets, Qi2-Charger kompatibel, Carbon-Finish, weiche Innenseite, Black Silver",Grest,Great,5,2026-06-07 08:22:37,Keramat Tawakuli,Y,N,https://www.amazon.de/gp/customer-reviews/R2NJLE4H3CX5QL,https://www.amazon.de/dp/B0DJ9WN3PW,2026-06-10 06:12:58,daily_full_refresh,2026-06-10
DE,B0DKR8DY9W,B0DKR8DY9W,304-4312386-8685934,RYFEEA0ZKIB2N,Spigen Liquid Crystal Hülle Kompatibel mit Samsung Galaxy A36 5G -Crystal Clear,"Top, gerne wieder.","Top, gerne wieder.",5,2026-06-07 08:12:21,Amazon Kunde,Y,N,https://www.amazon.de/gp/customer-reviews/RYFEEA0ZKIB2N,https://www.amazon.de/dp/B0DKR8DY9W,2026-06-10 06:12:58,daily_full_refresh,2026-06-10
DE,B0CJ5SVBKZ,B0CHXSSTLW,302-1779906-4655554,R25YVKJC41NVFK,"Spigen Glas.tR EZ Fit Optik Pro Kameraschutz kompatibel mit iPhone 17 Pro, iPhone 17 Pro Max, iPhone 15 Pro, iPhone 15 Pro Max, 2 Stück, Tiefblau, Individuelle Kameraprotektion, 9H Härte Folie",Preis-Leistungs-Verhältnis top,"Tolles Preis-Leistungs-Verhältnis. Gute Qualität, kann ich nur empfehlen. Ich würde es wieder kaufen.",5,2026-06-07 07:20:29,Stefan ,Y,N,https://www.amazon.de/gp/customer-reviews/R25YVKJC41NVFK,https://www.amazon.de/dp/B0CJ5SVBKZ,2026-06-10 06:12:58,daily_full_refresh,2026-06-10
DE,B0FD28D4D9,B0H1GWR2XM,302-1779906-4655554,R3MRZNZBS4RDPX,Spigen iPhone 17 Pro Hülle [Spigen Premium Qualität] Tough Armor T MagFit Case Handyhülle mit Kickstand Kompatibel mit MagSafe –Schwarz,Top Qualität,Top Verarbeitung tolles Preis-Leistungs-Verhältnis. Kann ich nur empfehlen. Würde ich jederzeit wieder kaufen.,5,2026-06-07 07:18:02,Stefan ,Y,N,https://www.amazon.de/gp/customer-reviews/R3MRZNZBS4RDPX,https://www.amazon.de/dp/B0FD28D4D9,2026-06-10 06:12:58,daily_full_refresh,2026-06-10
DE,B0D84YX465,B0FMQXDRZW,028-5056245-3416303,R5PW02YD9IN53,"Spigen Glas.tR EZ Fit Schutzfolie kompatibel mit iPhone 17 Pro, iPhone 17, iPhone 16 Pro, 2 Stück, Kratzfest, inklusive Installationskit, Kristallklar, 9H Härte Folie",Qualität sehr schlecht zu früher,Hatte für mein iPhone 14Pro schon das selbe Glas und war super zufrieden. 3 Jahre und alles Top. Nun wieder für 2 17Pro Spingen Glas bestellt. Beide Gläser sind innerhalb weniger Wochen am Rand beschädigt.,1,2026-06-07 04:56:05,mox,Y,N,https://www.amazon.de/gp/customer-reviews/R5PW02YD9IN53,https://www.amazon.de/dp/B0D84YX465,2026-06-10 06:12:58,daily_full_refresh,2026-06-10
DE,B0D84YX465,B0FMQXDRZW,303-2955916-7750727,RWR8M7NVTRYOM,"Spigen Glas.tR EZ Fit Schutzfolie kompatibel mit iPhone 17 Pro, iPhone 17, iPhone 16 Pro, 2 Stück, Kratzfest, inklusive Installationskit, Kristallklar, 9H Härte Folie",Schmierige Scheibe ansonsten okay,"Ist okay. Bekommt man schon gut hin mit dem Mechanismus. Einzige, was mir nicht gefällt, ist die Qualität der Scheibe beziehungsweise die ist schmierig und sogar vielleicht etwas zu kurz geraten, also man könnte schon ein bisschen weiter an die Ränder gehen (1, 2 Millimeter) ohne dass es die Handyhülle berühren würde.",3,2026-06-07 00:29:25,Momo,Y,N,https://www.amazon.de/gp/customer-reviews/RWR8M7NVTRYOM,https://www.amazon.de/dp/B0D84YX465,2026-06-10 06:12:58,daily_full_refresh,2026-06-10
DE,B0FD2GGXR5,B08ML65KPG,305-7730661-8597131,R3HYKLD5FANTPL,Spigen iPhone 17 Pro Hülle Signature [Anti Vergilbung] Ultra Hybrid Case Handyhülle Transparent Schutzhülle Slim Dünn – Crystal Clear,Bought it based on reviews,It was packed nicely and looks great on my iPhone.,5,2026-06-06 22:54:26,Karishma Varshney,Y,Y,https://www.amazon.de/gp/customer-reviews/R3HYKLD5FANTPL,https://www.amazon.de/dp/B0FD2GGXR5,2026-06-10 06:12:58,daily_full_refresh,2026-06-10
DE,B0G3P27ZW2,B0G3P27ZW2,305-3451945-5277135,R1L7SL7SOYTJ6O,"Spigen Glas.tR AlignMaster S Schutzfolie kompatibel mit iPhone 17 Pro, 2 Stück, Präzise Berührung, Kratzfest, 9H Härte Folie",Nice but tricky,Good product but initially difficult to install. Took me 2 times to get it perfect .,3,2026-06-06 22:06:37,dhruvjpatel,Y,N,https://www.amazon.de/gp/customer-reviews/R1L7SL7SOYTJ6O,https://www.amazon.de/dp/B0G3P27ZW2,2026-06-10 06:12:58,daily_full_refresh,2026-06-10
DE,B0C7YYS8S4,B0C7YYS8S4,306-9659786-5281162,R2IYMWPVSOXBMF,"Spigen Rugged Armor Pro Hülle Tasche Kompatibel mit ASUS Rog Ally RC71L (2023), Rog Ally X (2024), MSI Claw A1M (2024) und MSI Claw 7 AI (2025) - Schwarz",Super Tasche. Gute Verarbeitung und stabil. Auch für MSI Claw A8 passend!,"Super Tasche, sehr gut verarbeitet und stabil. Es passt sogar ein MSI Claw A8 mit 8"" Display rein und die Tasche lässt sich problemlos schließen.",5,2026-06-06 21:42:38,F. G.,Y,Y,https://www.amazon.de/gp/customer-reviews/R2IYMWPVSOXBMF,https://www.amazon.de/dp/B0C7YYS8S4,2026-06-10 06:12:58,daily_full_refresh,2026-06-10
DE,B0CM4N9TZB,B0C8J3H1LT,,REX7WYTYXZ39V,Spigen Optik Armor Hülle Kompatibel mit Samsung Galaxy S24 Ultra -Schwarz,"Leider Defekt nach 1,5 Jahren","Leider ist der Rahmenhalter der Kamerablende nach 1,5 Jahren gebrochen.",2,2026-06-06 21:11:41,W. Schneider,Y,N,https://www.amazon.de/gp/customer-reviews/REX7WYTYXZ39V,https://www.amazon.de/dp/B0CM4N9TZB,2026-06-10 06:12:58,daily_full_refresh,2026-06-10
DE,B0F4995TVN,B0FMWFZNWQ,302-9814861-5817935,R10AUA2UBT4JEL,"Spigen Ultra Hybrid MagFit Hülle für Google Pixel 10 Pro XL, Kompatibel Mit Pixelsnap und MagSafe [2025 Neue Funktion] [Made for Google] -Clear White",Hervorragende Schutzhülle für das Pixel 10 Pro XL.,"Eine exzellente, hochqualitative, durchsichtige, von Google zertifizierte Schutzhülle für mein Pixel 10 Pro XL. Meine klare Kaufempfehlung.",5,2026-06-06 20:35:54,Andrius,Y,N,https://www.amazon.de/gp/customer-reviews/R10AUA2UBT4JEL,https://www.amazon.de/dp/B0F4995TVN,2026-06-10 06:12:58,daily_full_refresh,2026-06-10
DE,B0D851Z6N8,B0F4WLL6HL,303-2269285-8017137,RUWT9LL4IXVRM,"Spigen Glas.tR EZ Fit Schutzfolie kompatibel mit Google Pixel 10, Pixel 10 Pro, Pixel 9, Pixel 9 Pro, 2 Stück, Kratzfest, inklusive Installationskit, Kristallklar, 9H Härte Folie",Perfekt mit Fingerabdruck-einfache Anbringung,"Noch nie war die Installation eines Displayschutzes so einfach. Sie sitzt perfekt. Mir wurde das Produnkt empfohlen, da ich bei meinem Schutzglas Probleme mit dem Fingerabdruck hatte. Mit diesem DisplaySchutz habe ich das Problem nicht mehr. Es funktioniert alles super.",5,2026-06-06 20:16:06,Conny,Y,N,https://www.amazon.de/gp/customer-reviews/RUWT9LL4IXVRM,https://www.amazon.de/dp/B0D851Z6N8,2026-06-10 06:12:58,daily_full_refresh,2026-06-10
DE,B09NF27X96,B09NF27X96,,R123CIPKT53O5M,"Spigen iPhone 13 Pro Max Slim Film aus gehärtetem Glas, transparent",Kein Zentrierrahmen und überteuert,Für den Preis ohne Zentrierrahmen ist es etwas mager !!!<br /><br />Es gibt die gleiche Qualität mit 2er Set und Zentrierrahmen für den gleichen Preis.,3,2026-06-06 20:05:10,Mehmet Ügür,Y,N,https://www.amazon.de/gp/customer-reviews/R123CIPKT53O5M,https://www.amazon.de/dp/B09NF27X96,2026-06-10 06:12:58,daily_full_refresh,2026-06-10
DE,B0FC7P3WT3,B0D8NS1Q5L,304-6796481-8405130,R1LI3AGR561S4I,Spigen für Samsung Galaxy S25 FE Hülle [Integrierter Kickstand] Tough Armor MagFit Handyhülle Samsung S25 FE Kompatibel mit MagSafe -Gunmetal,Ist das Geld absolut wert.,Sehr gute Verarbeitung der Magnet tut was er soll und auch das induktionsladen funktioniert ohne Probleme.,5,2026-06-06 19:58:10,gabrriel,Y,N,https://www.amazon.de/gp/customer-reviews/R1LI3AGR561S4I,https://www.amazon.de/dp/B0FC7P3WT3,2026-06-10 06:12:58,daily_full_refresh,2026-06-10
DE,B0BJ7PB5CH,B0BXCV12Q6,302-6084667-1656332,R3BNEDCGQMKX4B,Spigen Tough Armor Hülle Kompatibel mit OnePlus 11 -Schwarz,Alles war super,Ich bin sehr zufrieden mit dem Einkauf. Alles war super und schnell geliefert.,5,2026-06-06 19:15:30,HH,Y,N,https://www.amazon.de/gp/customer-reviews/R3BNEDCGQMKX4B,https://www.amazon.de/dp/B0BJ7PB5CH,2026-06-10 06:12:58,daily_full_refresh,2026-06-10
DE,B0DCDGFPDM,B0DGSGC2VF,306-7325909-5453141,R24OFAK5SDTP1F,Spigen Urban Fit Hülle Case kompatibel mit AirPods 4 (2024) - Roségold,Really good case,The case is well made and adds additional grip to the original Apple case which is really slippery.,5,2026-06-06 18:57:48,Dinko Belchevski,Y,N,https://www.amazon.de/gp/customer-reviews/R24OFAK5SDTP1F,https://www.amazon.de/dp/B0DCDGFPDM,2026-06-10 06:12:58,daily_full_refresh,2026-06-10
DE,B0CCG1MMVN,B0CH6NFPL2,302-4628850-6185160,R1A4A3F9JYMQ4J,Spigen Ultra Hybrid Pro Entwickelt für Samsung Galaxy Tab S10 + Plus (2024) / S9+ Plus (2023) - Schwarz,"Great, but a little heavy","Didn't fit my daily use, otherwise it's great. A bit heavy, though.",4,2026-06-06 18:48:27,Nick sd,Y,N,https://www.amazon.de/gp/customer-reviews/R1A4A3F9JYMQ4J,https://www.amazon.de/dp/B0CCG1MMVN,2026-06-10 06:12:58,daily_full_refresh,2026-06-10
DE,B07VV8MRPW,B07VV8MRPW,,R1CK2C3TH3KZW,"Spigen AlignMaster Hartglas, kompatibel mit iPhone 11 Pro, iPhone XS, iPhone X, 2 Stück, kratzfest, 9H",Top Qualität!!!,"Seit Jahren auf dem Display, werde wohl nicht nochmals kaufen müssen!!!",5,2026-06-06 18:21:29,André Wöhlbier,Y,N,https://www.amazon.de/gp/customer-reviews/R1CK2C3TH3KZW,https://www.amazon.de/dp/B07VV8MRPW,2026-06-10 06:12:58,daily_full_refresh,2026-06-10
DE,B095RTJH1M,B095RTJH1M,,R380ORW7MMOGY9,"Spigen Glas.tR EZ Fit Schutzfolie kompatibel mit iPhone 17e, iPhone 16e, iPhone 14, iPhone 13, iPhone 13 Pro, 2 Stück, Kratzfest, 9H Härte Folie",Schmeckt,Schmeckt,2,2026-06-06 17:46:44,Shadowsix,Y,N,https://www.amazon.de/gp/customer-reviews/R380ORW7MMOGY9,https://www.amazon.de/dp/B095RTJH1M,2026-06-10 06:12:58,daily_full_refresh,2026-06-10
DE,B09YMV5VYG,B09YMV5VYG,,R1E9TQUD4155LE,Spigen Ultra Hybrid Hülle Kompatibel mit Google Pixel 7 Pro -Schwarz,"Top, wie angegeben","Top, wie angegeben",5,2026-06-06 17:31:09,Justin L.,Y,N,https://www.amazon.de/gp/customer-reviews/R1E9TQUD4155LE,https://www.amazon.de/dp/B09YMV5VYG,2026-06-10 06:12:58,daily_full_refresh,2026-06-10
DE,B0BG6PHMKR,B0FNCRW7JC,305-9422524-0511526,R5CWH5R59EOU6,Spigen Liquid Air Hülle Kompatibel mit iPhone 14 Pro -Deep Purple,Mit Abstand die beste Hülle,"Ich habe so viele Hüllen schon gehabt. Das ist mit Abstand die beste Hülle, die ich je hatte. Einfach von der Größe und Qualität her perfekt. Nicht zu dick aber auch nicht zu dünn. Genau richtig.",5,2026-06-06 17:23:41,Amazon Kunde,Y,N,https://www.amazon.de/gp/customer-reviews/R5CWH5R59EOU6,https://www.amazon.de/dp/B0BG6PHMKR,2026-06-10 06:12:58,daily_full_refresh,2026-06-10
DE,B0FSBQZXVX,B0FSBQZXVX,028-4725853-9915552,R237YBUP6HQF5A,Spigen iPhone 17 Pro Max Hülle Signature Ultra Hybrid MagFit [Dura Clear Tech] Case Handyhülle Transparent Kompatibel mit MagSafe -Clear Orange,Top Artikel,Top robust und schützt. Alles was es tun soll,5,2026-06-06 17:08:51,Jeronimo,Y,N,https://www.amazon.de/gp/customer-reviews/R237YBUP6HQF5A,https://www.amazon.de/dp/B0FSBQZXVX,2026-06-10 06:12:58,daily_full_refresh,2026-06-10
DE,B0FXCK6S9B,B0DZ6KTTZM,028-1801785-3699552,R2W0KY20UIV51I,"Spigen Liquid Air für Samsung Galaxy S26 Ultra Hülle [rutschfest] Slim TPU mit Truss-Design, Militärgeprüfter Schutz, Sound Tunnel Technologie Case Handyhülle –Marble Gray",Gute Qualität.,Bin zufrieden.,5,2026-06-06 17:05:46,Toby Tobster,Y,N,https://www.amazon.de/gp/customer-reviews/R2W0KY20UIV51I,https://www.amazon.de/dp/B0FXCK6S9B,2026-06-10 06:12:58,daily_full_refresh,2026-06-10
DE,B0FF7H5ZL2,B0FRFW2XCN,303-6049873-8282765,R2QDKZMDBAXG51,"Spigen Basis-Stoffarmband mit Hakenverschluss Entwickelt für Apple Watch Ultra 2/1 49mm, Serie 11/10 46mm, 9/8/7 45mm, SE2/SE/6/5/4 44mm - Schwarz",Schlechte Kommunikation und Qualität,Das Armband war vll 3 mal am Arm .. und ist aus der Einfassung gerissen … habe mir eigentlich mehr davon versprochen !<br />Eine Rücksendung ist nicht mehr möglich und einen Kontakt zum Verkäufer klappt auch nicht .. wird das letzte Produkt gewesen sein !,1,2026-06-06 16:29:05,Oli W,Y,N,https://www.amazon.de/gp/customer-reviews/R2QDKZMDBAXG51,https://www.amazon.de/dp/B0FF7H5ZL2,2026-06-10 06:12:58,daily_full_refresh,2026-06-10
DE,B0BWXSWB5J,B0BWXSWB5J,,R1BP9R25897B4S,"Spigen AlignMaster Schutzfolie kompatibel mit Samsung Galaxy A54 5G, 2 Stück, Kratzfest, 9H Härte Folie",Beste Qualität wie von Spigen gewohnt!,"Super Qualität wie von Spigen gewohnt. Benutzte die Gläser seit Jahren und konnte mich immer gut darauf verlassen.<br />Diese Variante kommt mit einem praktischen Installationsrahmen, sodass der Schutz nie mehr schief aufliegt. Für Laien gut geeignet und billiger als im Handyladen.",5,2026-06-06 16:28:26,B. S.,Y,N,https://www.amazon.de/gp/customer-reviews/R1BP9R25897B4S,https://www.amazon.de/dp/B0BWXSWB5J,2026-06-10 06:12:58,daily_full_refresh,2026-06-10
DE,B0FVNKST47,B0G28PBZFH,305-4050162-5505923,R3J1NJQ0MD4NWQ,"Spigen Nano Pop MagFit Hülle für Samsung Galaxy Z Flip 7, Kompatibel mit MagSafe -AVO Green",Spigen Hülle z flip 7,"Genau was ich gesucht habe. Sogar Ersatz Klebepads dabei. Gute Qualität, Griffigkeit, und Look. Hält super nach anbringen. MFG",5,2026-06-06 16:11:37,S. A. aus D. ,Y,N,https://www.amazon.de/gp/customer-reviews/R3J1NJQ0MD4NWQ,https://www.amazon.de/dp/B0FVNKST47,2026-06-10 06:12:58,daily_full_refresh,2026-06-10
DE,B0CWSG591K,B0D6XNCJ2Y,306-2947869-0806749,R2P69ZLT8G8BII,"Spigen Glas.tR EZ Fit Schutzglas kompatibel mit iPad Pro 13 Zoll (M5, 2025) 8. Generation / (M4, 2024) 7. Generation, Kratzfest, inklusive Installationskit, Kristallklar, 9H Härte",Good,Good,4,2026-06-06 16:05:38,MB,Y,N,https://www.amazon.de/gp/customer-reviews/R2P69ZLT8G8BII,https://www.amazon.de/dp/B0CWSG591K,2026-06-10 06:12:58,daily_full_refresh,2026-06-10
DE,B0CW2G35SQ,B0CW2G35SQ,306-2947869-0806749,R3QZHC5VYE6662,Spigen Rugged Armor Pro Hülle Kompatibel mit iPad Pro 13 Zoll M5 (2025) / M4 (2024) Chip Robustes Case Auto Schlaf/Wach Funktion Stiftfreundlich - Schwarz,PEN Place,Taking out the pen is inconvenient and impractical.,3,2026-06-06 16:05:09,MB,Y,N,https://www.amazon.de/gp/customer-reviews/R3QZHC5VYE6662,https://www.amazon.de/dp/B0CW2G35SQ,2026-06-10 06:12:58,daily_full_refresh,2026-06-10
DE,B0DQ64HR5T,B0CW1F2GVW,305-6834274-2710706,ROGH3P2YBE91R,Spigen Liquid Air Hülle für Samsung Galaxy A56 5G [Anti-Rutsch] Militärschutz Handyhülle mit Stoßfesten Schutzecken Case – Matte Black,TOP,Spigen halt..TOP,5,2026-06-06 16:04:08,Walter Fartely,Y,N,https://www.amazon.de/gp/customer-reviews/ROGH3P2YBE91R,https://www.amazon.de/dp/B0DQ64HR5T,2026-06-10 06:12:58,daily_full_refresh,2026-06-10
DE,B0D21X6RV8,B0G6Y6XB4Z,305-3593674-0296324,R20725ITPNCEPP,Spigen für iPhone 16 Plus Hülle [Anti-Yellowing] Ultra Hybrid MagFit Case Handyhülle Transparent Dünn Slim Kompatibel mit MagSafe -Weiß,Cool case,Its giving,5,2026-06-06 15:49:54,Froso,Y,N,https://www.amazon.de/gp/customer-reviews/R20725ITPNCEPP,https://www.amazon.de/dp/B0D21X6RV8,2026-06-10 06:12:58,daily_full_refresh,2026-06-10
DE,B0F865LMX6,B0F865LMX6,028-1992577-1361140,R1UCJ0HR6ONYAX,Spigen Valentinus Pro Schlüsselanhänger Kompatibel mit AirTag 2/1 (2026/2021) Schlüssel Organizer bis 5 Schlüssel Ring für Autoschlüssel - Schwarz,Ist okay,"Schnell geliefert<br />Er ist praktisch zu Händeln,allerdings ist die Qualität nicht sehr hoch.<br />Nach 2 Stunden im Gebrauch sind schon die ersten Macken am oberen Kunststoff Halter,wo der Autoschlüssel angebracht ist.<br />Schauen wir mal wie lange das gut aussieht",3,2026-06-06 15:02:00,Müller,Y,Y,https://www.amazon.de/gp/customer-reviews/R1UCJ0HR6ONYAX,https://www.amazon.de/dp/B0F865LMX6,2026-06-10 06:12:58,daily_full_refresh,2026-06-10
DE,B0F97QNM7C,B0FF96BC71,302-2912899-4012338,R1AG2ZE3WXM15I,"Spigen Glas.tR EZ Fit Schutzfolie kompatibel mit Samsung Galaxy Watch8, 44mm, 2 Stück, Nicht hüllenfreundlich, Kratzfest, 9H Härte Folie","Keine empfehlung, leider!","Montage war super einfach aber nach jetzt drei Tagen fängt das Glas an, auf der Uhr zu verrutschen, dass sieht unschön aus und sammelt Dreck und Luftblasen an wenn man es wieder richtig schiebt .... Dafür mit knapp 16€ schlicht zu teuer.",2,2026-06-06 14:01:45,Jan Herzig,Y,Y,https://www.amazon.de/gp/customer-reviews/R1AG2ZE3WXM15I,https://www.amazon.de/dp/B0F97QNM7C,2026-06-10 06:12:58,daily_full_refresh,2026-06-10
DE,B09R2M316X,B0GJ3FFJKS,305-4451462-3929122,RDRNL3TTEXDMD,"Spigen Urban Fit Hülle Kompatibel mit MacBook 16 Zoll M5 Pro / M5 Max (2026), M4 / M3 / M2 / M1 Pro/Max Serie (2024/23/21) - Schwarz",Great case,Great Case. It looks really good and it fits perfectly,5,2026-06-06 12:33:42,Gorana Matic,Y,N,https://www.amazon.de/gp/customer-reviews/RDRNL3TTEXDMD,https://www.amazon.de/dp/B09R2M316X,2026-06-10 06:12:58,daily_full_refresh,2026-06-10
DE,B09LCMDH4G,B09LCMDH4G,303-4796803-0675561,RGJXJS63H9P6Y,"Spigen AlignMaster Schutzfolie kompatibel mit Google Pixel 6, 2 Stück, Kratzfest, Kristallklar, 9H Härte Folie",Schlecht verarbeitet = Schrott,"1 Glas von 2 ist an den rändern sehr Unsauber vearbeitet und lies sich nicht richtig aufbringen, trotz<br />mehfachem Reinigen und akuratem Ausrichten ist das ergebnis weit weg von zufrieden Stellend, Material Fehler kann es immer mal geben aber der Verkäufer meldet sich nicht bzw. Antwortet nicht. Das 2te Glas lies sich Einwandfrei Auflegen und ist fehlerfrei",1,2026-06-06 12:11:40,Amazon Kunde,Y,N,https://www.amazon.de/gp/customer-reviews/RGJXJS63H9P6Y,https://www.amazon.de/dp/B09LCMDH4G,2026-06-10 06:12:58,daily_full_refresh,2026-06-10
DE,B0BJSB91LK,B0DZ6KTTZM,304-7893607-5138730,R13NSA3CHRWA4U,Spigen Liquid Air Hülle Kompatibel mit Samsung Galaxy S23 Ultra 5G -Schwarz,Handyhülle,Sehr schöne Handyhülle,5,2026-06-06 11:38:27,Nik,Y,N,https://www.amazon.de/gp/customer-reviews/R13NSA3CHRWA4U,https://www.amazon.de/dp/B0BJSB91LK,2026-06-10 06:12:58,daily_full_refresh,2026-06-10
DE,B0CL8T5YNP,B0CL8T5YNP,306-0216640-4546740,R2M1MDI7GL6DNM,Spigen Liquid Air Hülle Kompatibel mit Google Pixel 8a -Schwarz,tolle Hülle,Hüllen von Spigen sind echt super. hab schon seit 3 Handys diese im Einsatz,5,2026-06-06 11:37:35,Mic,Y,N,https://www.amazon.de/gp/customer-reviews/R2M1MDI7GL6DNM,https://www.amazon.de/dp/B0CL8T5YNP,2026-06-10 06:12:58,daily_full_refresh,2026-06-10
DE,B0FD2JMYY8,B0DJ1XXWHF,306-8535983-2537108,R2CJUWBTQP0RRV,"Spigen iPhone 17 Hülle [rutschfest] [DURCHDACHTE Details] Liquid Air Case Slim TPU mit Truss-Design, Militärgeprüfter Schutz, Sound Tunnel Technologie Handyhülle –Matte Black","Wer kein MagSafe braucht, kriegt hier eine gute Hülle","An sich anständige Hülle aber hat keine MagSafe Funktionalität. Muss ich leider zurückgeben. Hatte gedacht, die Hülle ist dünn genug, um den Magneten auch so halt zu geben. .",3,2026-06-06 10:19:52,Kindle Customer,Y,N,https://www.amazon.de/gp/customer-reviews/R2CJUWBTQP0RRV,https://www.amazon.de/dp/B0FD2JMYY8,2026-06-10 06:12:58,daily_full_refresh,2026-06-10
DE,B0F49BMSLX,B0FMX2LK55,306-9175801-0021164,R3JTWHJ73MG896,"Spigen NanoPop MagFit Hülle für Google Pixel 10 und Pixel 10 Pro, Kompatibel Mit Pixelsnap und MagSafe [2025 Neue Funktion] [Made for Google] -Black Sesame",OK,Kann man benutzen,4,2026-06-06 09:29:05,HeikoN.,Y,N,https://www.amazon.de/gp/customer-reviews/R3JTWHJ73MG896,https://www.amazon.de/dp/B0F49BMSLX,2026-06-10 06:12:58,daily_full_refresh,2026-06-10
DE,B0DNH742KM,B0DNH742KM,303-5635202-0227532,RASHOK71W19Y4,"Spigen Valentinus MagFit Magnetischer Kartenhalter 3-Karten Kompatibel mit magnetischer Hülle Entwickelt für Samsung Galaxy S26,S26+,S26 Ultra, S25 Serie und Z Fold 7 - Schwarz",Top,Top,5,2026-06-06 09:06:20,Amazon Kunde,Y,N,https://www.amazon.de/gp/customer-reviews/RASHOK71W19Y4,https://www.amazon.de/dp/B0DNH742KM,2026-06-10 06:12:58,daily_full_refresh,2026-06-10
DE,B0FX3HWNY2,B0FYP6MVP8,303-1821472-7686754,R1MYIWZX7K8LIE,"Spigen Urban Fit Hülle für AirPods Pro 3. Generation (2025), Schutzhülle aus Nylon und PC mit Karabiner - Schwarz",Passform sehr gut,"Passgenau und guter Sitz. Je nach Ladeneinheit kann das induktive Laden gehemmt werden, daher ein Stern Abzug",4,2026-06-06 08:57:19,BjTh,Y,N,https://www.amazon.de/gp/customer-reviews/R1MYIWZX7K8LIE,https://www.amazon.de/dp/B0FX3HWNY2,2026-06-10 06:12:58,daily_full_refresh,2026-06-10
DE,B0FD25XK76,B08ML65KPG,028-7025665-3458763,R1GMT5XAZAX6MW,Spigen iPhone 17 Pro Max Hülle Signature [Anti Vergilbung] Ultra Hybrid Case Handyhülle Transparent Schutzhülle Slim Dünn – Crystal Clear,Super teil,"Das Teil ist super, genau wie vorgestellt",5,2026-06-06 08:09:51,Amazon Kunde,Y,N,https://www.amazon.de/gp/customer-reviews/R1GMT5XAZAX6MW,https://www.amazon.de/dp/B0FD25XK76,2026-06-10 06:12:58,daily_full_refresh,2026-06-10
DE,B0FD2VML1P,B0H1GWR2XM,028-4942141-3333133,R2VXKUVFYIA3I2,Spigen iPhone 17 Pro Hülle [Spigen Premium Qualität] Tough Armor T MagFit Case Handyhülle mit Kickstand Kompatibel mit MagSafe –Gunmetal,👍,"Gut, praktisch, bekwem.",5,2026-06-06 07:59:30,Erich Brandt,Y,N,https://www.amazon.de/gp/customer-reviews/R2VXKUVFYIA3I2,https://www.amazon.de/dp/B0FD2VML1P,2026-06-10 06:12:58,daily_full_refresh,2026-06-10
DE,B0G7S8J7SJ,B0GQ9MW1XR,303-0018272-7084323,R2WMK7FTVDZ5OX,"Spigen Glas.tR EZ Fit Pro Schutzfolie kompatibel mit Samsung Galaxy S26 Ultra, 2 Stück, inklusive Installationskit, Kratzfest, Kristallklar, 10H+ Härte Folie",Nicht mehr zu empfehlen.,"Qualität überzeugt garnicht mehr. Wir sind Langjährige Spigen Kunden. Waren beim S23 Ultra immer sehr zufrieden. Wir haben 2 Handys ausgestattet.<br /><br />Nun beim unseren 2 S26 Ultras sind schon 4 Gläser gesprungen, ohne dass das handy herunter gefallen ist. Mal war es irgendwas im Rucksack oder wie bei mir (wahrscheinlich) der Autoschlüssel in der Jackentasche.<br />Es sind nie einschlagen zu sehen. Immer ist nur ein riss drinnen.<br /><br />Ich sehe demnächst von dem Produkt ab. Einfach nur Rotz geworden.",2,2026-06-06 07:58:02,Maik Köhler,Y,N,https://www.amazon.de/gp/customer-reviews/R2WMK7FTVDZ5OX,https://www.amazon.de/dp/B0G7S8J7SJ,2026-06-10 06:12:58,daily_full_refresh,2026-06-10
DE,B08CS3WH1X,B0BB6MZT88,,R2JOCJZNG6RR3,Spigen Mag Armor Hülle Kompatibel mit iPhone 12 Pro und Kompatibel mit iPhone 12 -Matte Black,Best Hülle seit Jahrzehnten,"Hält nach Jahren der Malträtierung durch Stürze, Reibung, etc. immer noch sehr gut durch. So war's auch gedacht: immer wieder Spigen, egal welches Handy. Die Armor Hüllen werden zu jeden Handy seit der einstelligen iPhone Generation geholt und haben nie enttäuscht.",5,2026-06-06 07:37:13,K. D.,Y,N,https://www.amazon.de/gp/customer-reviews/R2JOCJZNG6RR3,https://www.amazon.de/dp/B08CS3WH1X,2026-06-10 06:12:58,daily_full_refresh,2026-06-10
DE,B0FVBPV3QF,B0C8J3H1LT,303-5102631-5693128,R1H4Z5ZNAPUU84,"Spigen Optik Armor für Samsung Galaxy S26 Ultra Hülle [Kamera-Schutz] Case, Militärgeprüfter Schutz Handyhülle –Schwarz",Spuper Handy Hülle,"Hallo zusammen, ich hatte vorher ein Handy Hülle von einer anderen Frima, dass war ein (schuss in den Ofen) passte nicht die Tasten konnte man nicht erreichen. ich habe die wie der Umgetauscht. Habe jetzt die obrige Hülle bestellt, was soll ich sagen, ausgepackt und ich konne sie sofort nutzen. Ich muss sagen, rin voller erfolg!!! Gruß Jürgen Rahm",5,2026-06-06 07:16:23,Juergen Rahm,Y,N,https://www.amazon.de/gp/customer-reviews/R1H4Z5ZNAPUU84,https://www.amazon.de/dp/B0FVBPV3QF,2026-06-10 06:12:58,daily_full_refresh,2026-06-10
DE,B0F8RGNXJC,B0F9WTD4JQ,306-0781372-3261904,R3J1Z4JXVBYZ8L,"Spigen EZ Fit Schutzfolie [2er-Pack] für Samsung Galaxy Z Flip7, Displayschutz für das äußere Display – 9H Kratzschutz, Installationskit",Passt wie angegossen,"Super Artikel, Qualität und Handhabung spitze",5,2026-06-06 07:12:20,Specht,Y,N,https://www.amazon.de/gp/customer-reviews/R3J1Z4JXVBYZ8L,https://www.amazon.de/dp/B0F8RGNXJC,2026-06-10 06:12:58,daily_full_refresh,2026-06-10
DE,B0F1BW4QBC,B0FH29Z5MG,306-5253381-1258720,R2500G4KFN44FR,"Spigen Slim Armor Pro MagFit Hülle für Samsung Galaxy Z Fold 7, MagSafe kompatibel mit [SecuLink] Metallverbindung am Scharnier für sicheren Halt -Metal Slate","Griffig, praktisch, sicher. Nahtlose Passform. Top.👍","Griffig, praktisch, sicher. Nahtlose Passform. Top.👍",5,2026-06-06 05:57:38,Martin Neuhold,Y,N,https://www.amazon.de/gp/customer-reviews/R2500G4KFN44FR,https://www.amazon.de/dp/B0F1BW4QBC,2026-06-10 06:12:58,daily_full_refresh,2026-06-10
DE,B0GDHBDG47,B0DRXZJSTV,304-0082341-3051516,R68W2LDRCS185,Spigen Thin Fit MagFit für Samsung Galaxy S26 Ultra Hülle [Slim Design] Case Handyhülle Kompatibel mit MagSafe –Schwarz,Verbesserungswürdig,"Grundsätzlich in Ordnung,  aber nach ca. 2 Wochen Nutzung löst sich die Folie hinten.<br />Sehr schade, da es kein billige hülle ist.",2,2026-06-06 05:50:55,Amazon Kunde,Y,N,https://www.amazon.de/gp/customer-reviews/R68W2LDRCS185,https://www.amazon.de/dp/B0GDHBDG47,2026-06-10 06:12:58,daily_full_refresh,2026-06-10
DE,B0FF7H5ZL2,B0FRFW2XCN,303-0046502-9282772,R30GEF3YIQ03UM,"Spigen Basis-Stoffarmband mit Hakenverschluss Entwickelt für Apple Watch Ultra 2/1 49mm, Serie 11/10 46mm, 9/8/7 45mm, SE2/SE/6/5/4 44mm - Schwarz",Tolles Armband zum tollen Preis,Ein sehr gutes Armband von einem guten Hersteller! Die orangenen Absätze am Verschluss finde ich sehr gut. Das Armband passt sehr gut an die Uhr und ist im Grunde genau wie das Original was Verschluss und Passform angeht eigentlich nichts. Negatives zuzusagen Apple verlangt für sowas 100 €.,5,2026-06-06 05:50:13,toto,Y,N,https://www.amazon.de/gp/customer-reviews/R30GEF3YIQ03UM,https://www.amazon.de/dp/B0FF7H5ZL2,2026-06-10 06:12:58,daily_full_refresh,2026-06-10
DE,B0FVBPVR1M,B0C8J3H1LT,303-4014968-3666733,R13YOY3PLNPXTC,"Spigen Optik Armor für Samsung Galaxy S26 Ultra Hülle [Kamera-Schutz] Case, Militärgeprüfter Schutz Handyhülle –Abyss Green",Super Hülle,Super handyhülle<br />Liegt gut in der Hand und die Kante von der Kamera Abdeckung ist praktisch zum halten des Handys<br />Sie ist gut verarbeitet und gefällt mir richtig gut,5,2026-06-06 05:33:07,Marius,Y,N,https://www.amazon.de/gp/customer-reviews/R13YOY3PLNPXTC,https://www.amazon.de/dp/B0FVBPVR1M,2026-06-10 06:12:58,daily_full_refresh,2026-06-10
DE,B0DKR8DY9W,B0DKR8DY9W,306-5331436-7648300,RF27WZO811W6Z,Spigen Liquid Crystal Hülle Kompatibel mit Samsung Galaxy A36 5G -Crystal Clear,Guter Schutz,"Die Schutzfolie war wie vermutlich jede Folie etwas schwer aufzubringen. Zum Glück gab es zwei davon, so dass ich mich entscheiden konnte, einen wirklich komplett neuen Versuch zu wagen. Diesmal hat es, auch dank Lerneffekts, gut geklappt, die Folie aufzubringen. Die Folie sitzt gut und bündig und schließt recht gut mit der Schutzhülle ab. Das Display reagiert immer noch präzise und ohne Aussetzer.",5,2026-06-05 23:44:26,Diderot,Y,N,https://www.amazon.de/gp/customer-reviews/RF27WZO811W6Z,https://www.amazon.de/dp/B0DKR8DY9W,2026-06-10 06:12:58,daily_full_refresh,2026-06-10
DE,B0CM54YKJL,B0BTMWWR2L,302-6673575-4650761,R29BG4AH0PUI9G,Spigen Tough Armor Hülle Kompatibel mit Samsung Galaxy S24 -Gunmetal,Oberklasse,Die Handyhüllen von Spigen sind fantastisch. Vertraue seit Jahren auf diese Marke.<br /><br />Sie sitzt bombenfest und schützt das Smartphone rundum. Den ersten Sturz hat mein Galaxy bereits überlebt. Die Hülle hat nur einen winzig kleinen Schrammen abbekommen. Mit ihr liegt das Smartphone perfekt in der Handy und das haptische Gefühl ist allgemein sehr gut. Praktisch ist der kleine integrierte Ständer. Sehr empfehlenswert,5,2026-06-05 22:29:09,GA SEMPER FI,Y,N,https://www.amazon.de/gp/customer-reviews/R29BG4AH0PUI9G,https://www.amazon.de/dp/B0CM54YKJL,2026-06-10 06:12:58,daily_full_refresh,2026-06-10
DE,B0BNM1GMD7,B0CSNBD2KX,305-2019550-8488351,R21TFN0N444QOL,"Spigen Lite Fit Ultra Armband Entwickelt für Apple Watch Ultra 3/2/1 49mm, Serie 11/10 46mm, Serie 9/8/7/SE 45mm,44mm Einstellbare Nylon-Solo-Strap - Schwarz",Super angenehm zu tragen und super Verarbeitung!,"Im Vergleich zu all meinen Apple Watch Armbändern das angenehmste zum Tragen. Bin wirklich beeindruckt wie angenehm das Band sitzt! Ebenfalls optisch super, Verarbeitung unglaublich gut, kann ich nur weiterempfehlen!",5,2026-06-05 21:10:03,Jannik Detert,Y,N,https://www.amazon.de/gp/customer-reviews/R21TFN0N444QOL,https://www.amazon.de/dp/B0BNM1GMD7,2026-06-10 06:12:58,daily_full_refresh,2026-06-10
DE,B0D84YX465,B0FMQXDRZW,306-3481539-3285949,ROUMQVYGIULGE,"Spigen Glas.tR EZ Fit Schutzfolie kompatibel mit iPhone 17 Pro, iPhone 17, iPhone 16 Pro, 2 Stück, Kratzfest, inklusive Installationskit, Kristallklar, 9H Härte Folie",Zu klein.,Leider zu klein. Sieht nicht gut aus. Lass es jetzt erstmal drauf.,2,2026-06-05 20:31:48,Chris,Y,N,https://www.amazon.de/gp/customer-reviews/ROUMQVYGIULGE,https://www.amazon.de/dp/B0D84YX465,2026-06-10 06:12:58,daily_full_refresh,2026-06-10
DE,B0FH5V4RL6,B0FR43NQYR,306-3481539-3285949,R2UYKW4TE46K2O,Spigen iPhone 17 Pro Hülle [2025 Upgrade Kamerasteuerung] Ultra Hybrid T MagFit [Dura Clear Tech] Case Handyhülle Transparent Kompatibel mit MagSafe –Matte Blue,Nicht ganz dicht.,Der Dreck sammelt sich extrem unter dem Case. Schade.,3,2026-06-05 20:30:59,Chris,Y,N,https://www.amazon.de/gp/customer-reviews/R2UYKW4TE46K2O,https://www.amazon.de/dp/B0FH5V4RL6,2026-06-10 06:12:58,daily_full_refresh,2026-06-10
DE,B0F49B88QC,B0GPCSNK4Z,028-8878366-6157915,R23RO28UZ2PY8K,"Spigen Tough Armor (AI) MagFit Hülle für Google Pixel 10 Pro XL, Kompatibel Mit Pixelsnap und MagSafe [2025 Neue Funktion] -Metal Slate",Fürs Pixel 10 Pro eine tolle Schutzhülle,"Guter Schutz fürs Pixel, kann es empfehlen wenn man kein Problem mit der etwas klobigen Gesamterscheinung hat. Dafür sind Stürze kein Problem und auch die Haptik ist toll. Der Titanclip ist auch praktisch um im Querformat etwas anzusehen ohne das Gerät halten zu müssen. Ladung am Magnetlader funktioniert tadellos. Kann das Produkt empfehlen.",5,2026-06-05 19:28:59,Amazon Kunde,Y,N,https://www.amazon.de/gp/customer-reviews/R23RO28UZ2PY8K,https://www.amazon.de/dp/B0F49B88QC,2026-06-10 06:12:58,daily_full_refresh,2026-06-10
DE,B0C5S86W64,B0C5S86W64,303-2784335-3841902,R71E64TKC506,Spigen Hülle für iPhone 15 Pro Max Mag Armor MagFit Kompatibel mit MagSafe -Schwarz,Geht,"Magnet funktioniert nicht, gar nicht",5,2026-06-05 18:44:10,giurgiu elena doina,Y,N,https://www.amazon.de/gp/customer-reviews/R71E64TKC506,https://www.amazon.de/dp/B0C5S86W64,2026-06-10 06:12:58,daily_full_refresh,2026-06-10
DE,B0C2X43R8X,B0C2X43R8X,,R8UHK4OSAALST,Spigen Apple iPhone 15 Pro Max Hülle Slim Armor MagFit (Kompatibel für MagSafe) Gunmetal - ACS06451,Leider zu schwach,Keine magnetische Fähigkeit als versprochen in Details,3,2026-06-05 18:41:21,giurgiu elena doina,Y,N,https://www.amazon.de/gp/customer-reviews/R8UHK4OSAALST,https://www.amazon.de/dp/B0C2X43R8X,2026-06-10 06:12:58,daily_full_refresh,2026-06-10
DE,B0DZ9QPKC6,B0FF9PX8QK,028-2155795-3998747,R37HRL76XH9AL9,"Spigen Nano Pop Armband Entwickelt für Apple Watch Ultra 3/2/1 49mm, Serie 11/10 46mm, Serie 9/8/7/SE 45mm,44mm Silikon - Blaubeer Navy","Schön, aber hält nur wenige Monate","Ein wirklich schönes Armband, leider qualitativ ziemlich schlecht für den Preis. Nach bereits wenigen Monaten löst sich die matte Beschichtung an den am stärksten beanspruchten Stellen, also besonders in dem Bereich, wo das Handgelenk auf einem Tisch aufliegt und an den hervorstehenden Stellen der Schnalle. Unter der Beschichtung ist der Farbton zwar der gleiche wie an der Oberfläche, aber die Bereiche sind trotzdem deutlich sichtbar, weil sie glänzen, und so ist das Band nicht mehr schön anzusehen. Schade, da hätte ich von Spigen mehr erwartet.",2,2026-06-05 17:24:14,freelix,Y,Y,https://www.amazon.de/gp/customer-reviews/R37HRL76XH9AL9,https://www.amazon.de/dp/B0DZ9QPKC6,2026-06-10 06:12:58,daily_full_refresh,2026-06-10
DE,B0C5S9P7T9,B0G6Y6XB4Z,028-4493907-1712333,R1PB1OKSW1ZXFI,Spigen für iPhone 15 Pro Ultra Hybrid MagFit Hülle [Anti-Yellowing] Case Handyhülle Transparent Dünn Slim Kompatibel mit MagSafe -Graphite,Spigen für iPhone 15 Pro Ultra Hybrid Hülle,"Spigen für iPhone 15 Pro Ultra Hybrid Mag Save Hülle, passgenau sein VW Geld wert",5,2026-06-05 16:54:54,Sören ,Y,N,https://www.amazon.de/gp/customer-reviews/R1PB1OKSW1ZXFI,https://www.amazon.de/dp/B0C5S9P7T9,2026-06-10 06:12:58,daily_full_refresh,2026-06-10
DE,B0G7QZ7RMD,B0GQ9MW1XR,302-2120849-1240335,R2I9U5KZC6UJYP,"Spigen Glas.tR EZ Fit Pro Schutzfolie kompatibel mit Samsung Galaxy S26, 2 Stück, inklusive Installationskit, Kratzfest, Kristallklar, 10H+ Härte Folie",Super!,Schutzgläser von Spigen sind einfach die beste Wahl.,5,2026-06-05 16:45:42,Julia,Y,N,https://www.amazon.de/gp/customer-reviews/R2I9U5KZC6UJYP,https://www.amazon.de/dp/B0G7QZ7RMD,2026-06-10 06:12:58,daily_full_refresh,2026-06-10
DE,B0FF7RPP8Z,B0FRFT47D7,302-1794431-1116322,R37F5Y5DA51NBH,"Spigen Basis-Stoffarmband mit Klettverschluss Entwickelt für Apple Watch Ultra 3/2/1 49mm, Serie 11/10 46mm, 9/8/7 45mm, SE3/SE2/SE/6/5/4 44mm - Schwarz",Klasse Armband,"Passt perfekt, guter Tragekomfort und sehr angenehm in Gewicht.",5,2026-06-05 16:23:16,Markus Scheibe,Y,N,https://www.amazon.de/gp/customer-reviews/R37F5Y5DA51NBH,https://www.amazon.de/dp/B0FF7RPP8Z,2026-06-10 06:12:58,daily_full_refresh,2026-06-10
DE,B0C9RWRD7Y,B0FMQXDRZW,028-4493907-1712333,R13VPJ8V9Z7K4B,"Spigen Glas.tR EZ Fit Schutzfolie kompatibel mit iPhone 15 Pro, 2 Stück, Kratzfest, 9H Härte Folie",Spigen Glas.tR EZ Fit Schutzfolie sehr gut,"Wie war der Artikel?<br />Spigen Glas.tR EZ Fit Schutzfolie, einfach anzubringen, benutze ich seit Jahren war und bin immer zufrieden 😃",5,2026-06-05 16:17:17,Sören ,Y,N,https://www.amazon.de/gp/customer-reviews/R13VPJ8V9Z7K4B,https://www.amazon.de/dp/B0C9RWRD7Y,2026-06-10 06:12:58,daily_full_refresh,2026-06-10
DE,B0FSHDP7CP,B0FX9Q7YQD,303-8095417-5738712,R35KYN2GZC6CEB,"Spigen Athlex Air 2 Armband Entwickelt für Apple Watch Ultra 3/2/1 49mm, Serie 11/10 46mm und Serie 9/8/7/6/5/4/SE 45mm,44mm Stoffarmband - Aktives Schwarzgrau",Im großen und ganzen in Ordnung,Die Festigkeit des Klettverschluß könnte besser sein.<br />Sonst aber super.,4,2026-06-05 15:39:41,sahne720,Y,N,https://www.amazon.de/gp/customer-reviews/R35KYN2GZC6CEB,https://www.amazon.de/dp/B0FSHDP7CP,2026-06-10 06:12:58,daily_full_refresh,2026-06-10
DE,B0BJGM5Q2L,B0GKNCXGQ8,,R3055F3IKKIK6E,"Spigen Valentinus MagFit MagSafe Kartenhalter 3-Karten Kompatibel mit iPhone 17/16/15, andere MagSafe-Modelle und Google Pixel 10-Serie mit Pixelsnap - Braun",Nicht hochwertig,Hat sich nach einigen Monaten langsam aufgelöst. Die Ränder und äußere Schicht sind abgeblättert,2,2026-06-05 15:35:07,Denis,Y,N,https://www.amazon.de/gp/customer-reviews/R3055F3IKKIK6E,https://www.amazon.de/dp/B0BJGM5Q2L,2026-06-10 06:12:58,daily_full_refresh,2026-06-10
DE,B0G7RJH146,B0GQ9XF4C2,302-2120849-1240335,R2CWF1X3WL1R9,"Spigen Glas.tR EZ Fit Optik Pro Kameraschutz kompatibel mit Samsung Galaxy S26, 2 Stück, Schwarz, Individuelle Kameraprotektion, Anti-Kratzer, 9H Härte Folie",Top!,Spigen überzeugt einfach.<br />Ich kaufe schon seit Jahren Schutzgläser und Schutzhüllen von Spigen.<br />Kann ich nur empfehlen.,5,2026-06-05 15:21:56,Julia,Y,N,https://www.amazon.de/gp/customer-reviews/R2CWF1X3WL1R9,https://www.amazon.de/dp/B0G7RJH146,2026-06-10 06:12:58,daily_full_refresh,2026-06-10
DE,B0F49CG4V6,B0FMX2LK55,303-9412580-7121909,R34K45ROZW5QZ5,"Spigen NanoPop MagFit Hülle für Google Pixel 10 Pro XL, Kompatibel Mit Pixelsnap und MagSafe [2025 Neue Funktion] [Made for Google] -Blueberry Navy",Erster Eindruck,Super. Tolle Haptik. Kann aber noch nichts zur Langlebigkeit sagen.,5,2026-06-05 15:02:49,Padi,Y,N,https://www.amazon.de/gp/customer-reviews/R34K45ROZW5QZ5,https://www.amazon.de/dp/B0F49CG4V6,2026-06-10 06:12:58,daily_full_refresh,2026-06-10
DE,B09W2C4WC3,B09W2C4WC3,302-5517929-0235563,R11H572BX414IJ,Spigen Valentinus Schlüsselanhänger für Damen und Herren- Schwarz,"Toller, kompakter Schlüsselanhänger – wichtiger Tipp!","Ich nutze den Spigen Valentinus nun seit einigen Tagen im Alltag und bin absolut begeistert. Er ist super kompakt, sieht durch sein Design richtig schick aus und bereitet mir bisher überhaupt keine Probleme. Als Anfänger habe ich für den allerersten Aufbau zwar anfangs etwas mehr Zeit gebraucht, aber das Endergebnis überzeugt mich jetzt komplett und ich kann den Schlüsselanhänger definitiv jedem weiterempfehlen!Wichtiger Tipp: Wenn man weniger als 3 Schlüssel drinnen hat, hält er nicht.",5,2026-06-05 14:26:29,Simon,Y,N,https://www.amazon.de/gp/customer-reviews/R11H572BX414IJ,https://www.amazon.de/dp/B09W2C4WC3,2026-06-10 06:12:58,daily_full_refresh,2026-06-10
DE,B0FC7F7CRF,B0FQ9QVRY6,302-9132844-7504351,R26NBKH6E7XNTT,Spigen für Samsung Galaxy S25 FE Hülle [Anti Vergilbung] Ultra Hybrid Handyhülle Samsung S25 FE Transparent Durchsichtig -Crystal Clear,Alles ok,Passt und sieht gut aus,5,2026-06-05 14:26:11,Peter Hartman,Y,N,https://www.amazon.de/gp/customer-reviews/R26NBKH6E7XNTT,https://www.amazon.de/dp/B0FC7F7CRF,2026-06-10 06:12:58,daily_full_refresh,2026-06-10
DE,B0F49CH9JT,B0GPCSNK4Z,304-9852917-2366749,R4SNF5IEZF575,"Spigen Tough Armor (AI) MagFit Hülle für Google Pixel 10 Pro XL, Kompatibel Mit Pixelsnap und MagSafe [2025 Neue Funktion] -Schwarz",Gewohnte Hülle,"Benutze immer nur Spigen Hüllen (wenn verfügbar).<br /><br />Auch diese ist wieder genau wie ich es gewohnt bin.  Das finde ich sehr gut, man muss sich somit nicht auf ein ganz anderes Design/Haptick gewöhnen.<br /><br />Sehr zu empfehlen.",5,2026-06-05 13:58:40,Marvin,Y,N,https://www.amazon.de/gp/customer-reviews/R4SNF5IEZF575,https://www.amazon.de/dp/B0F49CH9JT,2026-06-10 06:12:58,daily_full_refresh,2026-06-10
DE,B0D854KDG3,B0F4WLL6HL,304-9852917-2366749,R2ELI1OTXFQCNL,"Spigen Glas.tR EZ Fit Schutzfolie kompatibel mit Google Pixel 10 Pro XL, Pixel 9 Pro XL, 2 Stück, Kratzfest, inklusive Installationskit, Kristallklar, 9H Härte Folie",So einfach wie noch nie,Hüllen hatte ich bisher immer von Spigen und war mit diesen sehr zufrieden.<br /><br />Soweit ich mich erinnere gab es nie Folien von Spigen für meine bisherigen Geräte (Waren aber auch bisher abgerundete Displays)<br /><br />Da ich mir ein neues Gerät gekauft habe musste auch eine neue Folie her. Warum also nicht auch hier Spigen nehmen.<br /><br />Ich muss sagen: Extrem gut.<br /><br />Die montage ist innerhalb weniger sekunden erledigt.<br />0 Blasen (schon direkt nach abziehen der obersten Folie)<br />Sitzt absolut perfekt in der Mitte.<br /><br />Bin mal gespannt wie dann die Haltbarkeit/Stabilität selber ist (Wobei ich das auch nicht herausfinden möchte.<br />Bei der einfachen Montage aber schon alleine dafür zu empfehlen.,5,2026-06-05 13:57:25,Marvin,Y,N,https://www.amazon.de/gp/customer-reviews/R2ELI1OTXFQCNL,https://www.amazon.de/dp/B0D854KDG3,2026-06-10 06:12:58,daily_full_refresh,2026-06-10
DE,B0FC7P3WT3,B0D8NS1Q5L,028-6039971-7649905,R14QTWTNWIFNO8,Spigen für Samsung Galaxy S25 FE Hülle [Integrierter Kickstand] Tough Armor MagFit Handyhülle Samsung S25 FE Kompatibel mit MagSafe -Gunmetal,"Schutz gut, optisch meh",Wie gewohnt von Spigen gute Qualität. Schützt und hält einiges aus.<br />Jedoch ist die Hülle in Anthrazit anstatt Schwarz angekommen. Die Farbe hält nicht besonders gut und darunter kommt bei selbst leichten Kratzern weiß zum Vorschein.,3,2026-06-05 13:34:12,Philip B.,Y,N,https://www.amazon.de/gp/customer-reviews/R14QTWTNWIFNO8,https://www.amazon.de/dp/B0FC7P3WT3,2026-06-10 06:12:58,daily_full_refresh,2026-06-10
DE,B0D854KDG3,B0F4WLL6HL,303-9412580-7121909,R3SSMDR2D6C70L,"Spigen Glas.tR EZ Fit Schutzfolie kompatibel mit Google Pixel 10 Pro XL, Pixel 9 Pro XL, 2 Stück, Kratzfest, inklusive Installationskit, Kristallklar, 9H Härte Folie",Bestes Glas das ich je hatte,"Zum ersten Mal, dass ich ein Schutzglas ohne Luftblasen oder ähnliches angebracht habe. War zwar davor super skeptisch, aber es hat tadellos funktioniert. War das Geld für mich definitiv wert.",5,2026-06-05 13:26:50,Padi,Y,N,https://www.amazon.de/gp/customer-reviews/R3SSMDR2D6C70L,https://www.amazon.de/dp/B0D854KDG3,2026-06-10 06:12:58,daily_full_refresh,2026-06-10
DE,B0CM4VL4Z5,B0DZ6KTTZM,303-5352933-1949938,R2NU29IG6C36U2,Spigen Liquid Air Hülle Kompatibel mit Samsung Galaxy S24 Ultra -Schwarz,Schön aber unbrauchbar,"Leider ist Hülle nach kurzer Zeit im unteren Bereich, zwischen Ladestecker und Mikrofon gebrochen ( Material zu hart). Habe sie zurück geschickt und eine von einem anderen Hersteller bestellt.",2,2026-06-05 13:14:38,Thomas Hohly,Y,N,https://www.amazon.de/gp/customer-reviews/R2NU29IG6C36U2,https://www.amazon.de/dp/B0CM4VL4Z5,2026-06-10 06:12:58,daily_full_refresh,2026-06-10
DE,B0F49G9S89,B0FMX2LK55,305-9870650-5682765,R39H1L1PM4PJSC,"Spigen NanoPop MagFit Hülle für Google Pixel 10 und Pixel 10 Pro, Kompatibel Mit Pixelsnap und MagSafe [2025 Neue Funktion] [Made for Google] -Blueberry Navy",5/5,Do not doubt it. It's classy and protective enough for everyday use,5,2026-06-05 11:59:22,Alireza Poshtahani,Y,N,https://www.amazon.de/gp/customer-reviews/R39H1L1PM4PJSC,https://www.amazon.de/dp/B0F49G9S89,2026-06-10 06:12:58,daily_full_refresh,2026-06-10
DE,B098SSW16Q,B0D8JYGY74,,R2C60NX7WU67JF,Spigen Klasden Tragetasche Kompatibel mit Apple AirPods Max 2/1 (2026/2020) Hülle Case Etui - Anthrazit,A study case,It has kept my AirPods protected for over a year.,5,2026-06-05 11:06:37,Ron,Y,N,https://www.amazon.de/gp/customer-reviews/R2C60NX7WU67JF,https://www.amazon.de/dp/B098SSW16Q,2026-06-10 06:12:58,daily_full_refresh,2026-06-10
DE,B09JFSCLDZ,B09JFSCLDZ,,R34TT42RP1EVXB,Spigen Ultra Hybrid Hülle Kompatibel mit Samsung Galaxy S22 -Schwarz,Top Hülle,"Die Hüllen von Spiegen sind echt klasse. Ich habe bis jetzt bei all meinen Handys Spiegen-Hüllen eingesetzt und werde das auf jeden Fall weiter tun.<br /><br />Ich bin einer der Kandidaten, dem das Handy alle 5 Minuten runterfällt. Und seit 3 Jahren hat meine Handy, wegen dieser Hülle, nicht einen Kratzer davongetragen.",5,2026-06-05 10:51:04,Sebastian Kexel,Y,N,https://www.amazon.de/gp/customer-reviews/R34TT42RP1EVXB,https://www.amazon.de/dp/B09JFSCLDZ,2026-06-10 06:12:58,daily_full_refresh,2026-06-10
DE,B0FPJ6RYFN,B0D1816PWX,306-2179893-2685114,R16TQZ48M8RVO4,"Spigen Glas.tR EZ Fit Schutzfolie für Tesla Model Y L(2026), Model Y Standard(2026), Model Y Performance(2024-2026), Model Y Premium(2026), inkl. Installationsset, 16 Zoll,Blendschutz,Kratzfest,10H+","Viel zu groß, unbrauchbar!","Habe einen Tesla Model Y Premium AWD, geliefert Ende Februar 2026. Der hier gekaufte Displayschutz soll angeblich genau für den 16 Zoll Monitor passen, steht nach Montage aber nicht nur wenig, sondern recht heftig rechts und unten über (siehe Foto), ist damit unbrauchbar und geht zurück. Ich weiß nicht, welchen Monitor Spigen da gemessen hat und wie, jedenfalls ist DAS eine herbe Enttäuschung bezüglich der von mir sonst hochgeschätzten Spigen Produkte. Diagonal gemessen von Ecke zu Ecke hat der gelieferte Artikel 42 cm, das entspricht 16,53 Zoll !",1,2026-06-05 10:47:22,Olaf Braun,Y,Y,https://www.amazon.de/gp/customer-reviews/R16TQZ48M8RVO4,https://www.amazon.de/dp/B0FPJ6RYFN,2026-06-10 06:12:58,daily_full_refresh,2026-06-10
DE,B082M2PN2W,B08P6C4H2D,302-6627798-4940303,R2RBGOOZF8D0ZR,Spigen Rugged Armor Hülle Kompatibel mit Samsung Galaxy S20 -Schwarz,Bester Schutz fürs Handy,"Ich habe die Hülle für mein Samsung Galaxy S20 gekauft und die passt perfekt.  Wer die Marke Spigen kennt, weiß das sie von sehr guter Qualität ist.<br />Die Kanten sind optimal geschützt und auch die hintere Kamera.<br />Mehr kann ich dazu eigentlich nicht sagen. Für mich eine klare Kaufempfehlung wer eine schlichte aber schicke Schutzhülle sucht die das Handy optimal schützt.",5,2026-06-05 10:32:26,Christina,Y,N,https://www.amazon.de/gp/customer-reviews/R2RBGOOZF8D0ZR,https://www.amazon.de/dp/B082M2PN2W,2026-06-10 06:12:58,daily_full_refresh,2026-06-10
DE,B0GHY75HS2,B0GHY75HS2,304-8268801-0423534,R23AY7AB3Y7C7Z,"Spigen Essential Qi2 MagSafe Powerbank 5000mAh 22,5W Magnetische Kabellose Powerbank Ladegerät für iPhone 17e/17/16/16e/15/14/13/12 Pro Max Plus Air Serien - Schwarz",Nicht fürs Pixel 10 geeignet.,Funktioniert leider nicht mit dem Pixel 10 pro. Leider ist Qi2 noch immer kein Standard,1,2026-06-05 09:55:32,Andre K.,Y,N,https://www.amazon.de/gp/customer-reviews/R23AY7AB3Y7C7Z,https://www.amazon.de/dp/B0GHY75HS2,2026-06-10 06:12:58,daily_full_refresh,2026-06-10
DE,B0D3KZJW68,B0D3KZJW68,,R35RSB58SE4CUF,Spigen Lite Fit Ersatzarmband Kompatibel mit Google Pixel Watch 4/3 45mm (2025/2024) Nylon Solo Loop Armband - Schwarz,Perfekt,Lässt sich bis heute weiterhin gut tragen und  leiert nicht aus.,5,2026-06-05 09:53:29,Sina,Y,N,https://www.amazon.de/gp/customer-reviews/R35RSB58SE4CUF,https://www.amazon.de/dp/B0D3KZJW68,2026-06-10 06:12:58,daily_full_refresh,2026-06-10
DE,B0CQ21BX45,B0DNLZL6RG,,R37XDX2Q419EEN,"Spigen Glas.tR Slim Schutzfolie kompatibel mit Samsung Galaxy A15, Galaxy A15 5G, Galaxy A25 5G, 2 Stück, Kratzfest, 9H Härte Folie",Sensationell,Hält super gut u. schützt das Display. Mir ist das Handy leider schon ein paar mal aus der Hand gerutscht. Das Display hat keinen Schaden genommen.,5,2026-06-05 09:11:39,Veronika E.,Y,N,https://www.amazon.de/gp/customer-reviews/R37XDX2Q419EEN,https://www.amazon.de/dp/B0CQ21BX45,2026-06-10 06:12:58,daily_full_refresh,2026-06-10
DE,B0DNH742KM,B0DNH742KM,028-4437950-8333103,R2C3SXO043R86H,"Spigen Valentinus MagFit Magnetischer Kartenhalter 3-Karten Kompatibel mit magnetischer Hülle Entwickelt für Samsung Galaxy S26,S26+,S26 Ultra, S25 Serie und Z Fold 7 - Schwarz",Besser als das original,Hält was es verspricht. Hält bombenfest,5,2026-06-05 09:10:14,Timmey04,Y,N,https://www.amazon.de/gp/customer-reviews/R2C3SXO043R86H,https://www.amazon.de/dp/B0DNH742KM,2026-06-10 06:12:58,daily_full_refresh,2026-06-10
DE,B0FPJ6RYFN,B0D1816PWX,302-0756003-8092308,R6K0L6XDH0CNZ,"Spigen Glas.tR EZ Fit Schutzfolie für Tesla Model Y L(2026), Model Y Standard(2026), Model Y Performance(2024-2026), Model Y Premium(2026), inkl. Installationsset, 16 Zoll,Blendschutz,Kratzfest,10H+",Sehr zufrieden,Ganz wie von Spiegen erwartet! Einfache Montage mit der Montagehilfe. Super Qualität,5,2026-06-05 07:59:14,redpapillon2000,Y,N,https://www.amazon.de/gp/customer-reviews/R6K0L6XDH0CNZ,https://www.amazon.de/dp/B0FPJ6RYFN,2026-06-10 06:12:58,daily_full_refresh,2026-06-10
DE,B0B44HKDCL,B0B44HKDCL,302-4666526-1291553,R15TQCO7ICIP99,"Spigen Tesla Model Y (~Juniper 2026) & Model 3 (~Highland 2026) Pedale, Gas- und Bremspedalabdeckung für alle Tesla Model Y/3 Modelle Zubehör (Nicht kompatibel mit 3/Y Performance) - Carbon",Sehr zufrieden,"Sehr gute Qualität, sehr einfach zu montieren, super Halt mit den mitgelieferten Schrauben...<br />Sollten sich im laufe der Zeit Mängel zeigen, werde ich sie hier posten",5,2026-06-05 07:57:39,redpapillon2000,Y,N,https://www.amazon.de/gp/customer-reviews/R15TQCO7ICIP99,https://www.amazon.de/dp/B0B44HKDCL,2026-06-10 06:12:58,daily_full_refresh,2026-06-10
DE,B0D84YX465,B0FMQXDRZW,306-2075666-2493964,R17GH40T1D81QY,"Spigen Glas.tR EZ Fit Schutzfolie kompatibel mit iPhone 17 Pro, iPhone 17, iPhone 16 Pro, 2 Stück, Kratzfest, inklusive Installationskit, Kristallklar, 9H Härte Folie",Beim Anbringen direkt gerissen,"Guten Tag,<br /><br />ich habe heute Morgen die Schutzfolie auf meinem iPhone 17 Pro angebracht. Beim vorsichtigen Glattstreichen der Folie ist diese direkt in der oberen linken Ecke eingerissen.<br /><br />Bisher war ich von den Produkten von Spigen immer sehr überzeugt und habe gute Erfahrungen gemacht. Umso enttäuschter bin ich diesmal von der Qualität der Folie.<br /><br />Leider hat dieses Erlebnis meinen Eindruck deutlich getrübt. Unter diesen Umständen würde ich mich aktuell nicht noch einmal für diese Folie entscheiden.",2,2026-06-05 07:43:31,Amazon Kunde,Y,N,https://www.amazon.de/gp/customer-reviews/R17GH40T1D81QY,https://www.amazon.de/dp/B0D84YX465,2026-06-10 06:12:58,daily_full_refresh,2026-06-10
DE,B0D85SML6Y,B0FDQP46Z2,302-5344487-1444310,R2PM9ZSJQK4ZB7,"Spigen Glas.tR EZ Fit Optik Kameraschutz kompatibel mit Google Pixel 9 Pro XL, 2 Stück, Kristallklar, Anti-Kratzer, 9H Härte Schutzfolie",Nach 1 Woche beide Kaputt,"Hab's vor 1 Woche bekommen und beide sind mittlerweile kaputt, alle beide sind gesprungen. Keine Ahnung wo und wie das passiert ist aber der Kameraschutz scheint sehr empfindlich zu sein. Vom anderen habe ich leider kein Bild. Ich finde da Preis Leistung nicht angemessen. Bei 5€ kann man mit sowas rechnen aber bei einen Preis um die 30€ würde ich erwarten das es stabiler ist.  Mit ist mein Handy nicht runtergefallen, also weiß ich leider nicht wo der Schutz kaputt gegangen ist.",1,2026-06-05 05:57:59,Denis Philipp,Y,Y,https://www.amazon.de/gp/customer-reviews/R2PM9ZSJQK4ZB7,https://www.amazon.de/dp/B0D85SML6Y,2026-06-10 06:12:58,daily_full_refresh,2026-06-10
DE,B0FD2DTJQ2,B0G6Y6XB4Z,303-3082204-5858749,RS1P2YJ88EY4Z,Spigen iPhone 17 Hülle [Spigen Signature] Ultra Hybrid MagFit [Dura Clear Tech] Case Handyhülle Transparent Kompatibel mit MagSafe -Clear Gold,"Hochwertige Hülle, sehr angenehm anzufassen","Die Hülle passt perfekt  um das IPhone<br /><br />Schön ist, dass die Kameralinsen gut geschützt werden.<br /><br />Material fühlt sich gut an, Leicht gummierte Oberfläche die aber trotzdem eine gewisse Glätte hat.<br /><br />Der Schutz, was eigentlich das wichtigste ist, sollte gegeben sein.<br /><br />Ob die Hülle schnell vergilbt, wird die Zeit zeigen.<br /><br />Die Hülle ist sehr zu Empfehlen",5,2026-06-04 22:08:54,Marcel ,Y,N,https://www.amazon.de/gp/customer-reviews/RS1P2YJ88EY4Z,https://www.amazon.de/dp/B0FD2DTJQ2,2026-06-10 06:12:58,daily_full_refresh,2026-06-10
DE,B08TTBDBN7,B08V1D1M1M,305-3903226-8634718,R3JIX772NN6GBV,Spigen Urban Fit Case Hülle Entwickelt für Apple AirPods Max 2/1 (2026/2020) - Grau,Perfekter Schutz für die AirPods Max – nur mehr Farben wären wünschenswert,"Ich habe diese Schutzhüllen für meine AirPods Max gekauft und bin insgesamt sehr zufrieden. Sie schützen die Aluminium-Ohrmuscheln zuverlässig vor Kratzern und kleinen Stößen, ohne dabei klobig zu wirken oder die hochwertige Optik der Kopfhörer zu beeinträchtigen.<br /><br />Besonders gefällt mir die Oberfläche. Es handelt sich nicht um einfachen glänzenden Kunststoff, sondern um eine angenehm strukturierte Stoffoptik, die sehr hochwertig aussieht und sich deutlich besser anfühlt als viele andere Schutzhüllen. Die Hüllen lassen sich außerdem problemlos anbringen und bei Bedarf wieder entfernen.<br /><br />Ein großer Pluspunkt ist, dass keine Mikrofone, Sensoren oder Bedienelemente verdeckt werden. Auch das zusätzliche Gewicht ist praktisch nicht spürbar – was bei den AirPods Max durchaus wichtig ist. Die Hüllen passen weiterhin problemlos in das originale Apple Smart Case und auch in meine separate Spigen-Transporthülle.<br /><br />Vor den Schutzhüllen hatte ich immer etwas Sorge, dass die Metall-Ohrmuscheln beim Herausnehmen aus dem Smart Case gegeneinanderschlagen oder Kratzer bekommen könnten. Mit diesen Covern ist dieses Problem praktisch erledigt und ich kann die Kopfhörer deutlich entspannter transportieren.<br /><br />Mein einziger Kritikpunkt betrifft die Farbauswahl. Die Qualität ist hervorragend, aber aktuell gibt es nur sehr wenige Farbvarianten. Gerade für die farbigen AirPods Max wären passende Versionen in Orange, Lila, Blau oder anderen Farben eine tolle Ergänzung. Hier könnte Spigen das Angebot gerne erweitern.<br /><br />Abgesehen davon stimmen Verarbeitung, Schutzwirkung und Preis-Leistungs-Verhältnis absolut. Für Besitzerinnen und Besitzer von AirPods Max eine klare Empfehlung.",5,2026-06-04 21:47:49,Kim Rösener,Y,N,https://www.amazon.de/gp/customer-reviews/R3JIX772NN6GBV,https://www.amazon.de/dp/B08TTBDBN7,2026-06-10 06:12:58,daily_full_refresh,2026-06-10
DE,B0CV71SSMQ,B0DRSW6BCG,,R17QEU3EQ8VJQK,Spigen Ultra Hybrid Metal Ring MagFit Hülle Kompatibel mit Samsung Galaxy S24 Ultra -Zero One Titanium,Perfekte Hülle,"Hab diese Hülle(n) bereits 2 Jahre, einmal schwarz und durchsichtig, bin sehr zufrieden da die Qualität einfach sehr gut ist.<br /><br />Muss demnächst nachbestellen, da die durchsichtige etwas vergilbt ist.",5,2026-06-04 18:50:43,Alexander S.,Y,N,https://www.amazon.de/gp/customer-reviews/R17QEU3EQ8VJQK,https://www.amazon.de/dp/B0CV71SSMQ,2026-06-10 06:12:58,daily_full_refresh,2026-06-10
DE,B09N6BJ1Z7,B0BLYK9BCK,,R332JURDW5ARNM,Spigen Ultra Hybrid Hülle Kompatibel mit Samsung Galaxy A53 5G -Crystal Clear,Spigen ist allerbeste Qualität!,Spigen hat die besten Hüllen und Folien für Smartphones.<br />Für mich seit Jahren nur Spigen und ich konnte andere auch Überzeugen .<br />Hatte noch nie ein kaputtes Display oder kaputtes Gerät  und meine Dind schon öfter mal gefallen!<br />Immer wieder Spigen !!!,5,2026-06-04 18:21:08,Amazon Kunde,Y,N,https://www.amazon.de/gp/customer-reviews/R332JURDW5ARNM,https://www.amazon.de/dp/B09N6BJ1Z7,2026-06-10 06:12:58,daily_full_refresh,2026-06-10
DE,B0C5Z2NC9Y,B0C5Z2NC9Y,,R1PIMZBRLHXAXJ,CYRILL von Spigen Classic Charm Mag Hülle Kompatibel mit iPhone 15 Pro (2023) - Cream,Ganz ok,Ganz ok. Ging leider schnell kaputt,3,2026-06-04 18:09:23,Dominic Praxmarer,Y,N,https://www.amazon.de/gp/customer-reviews/R1PIMZBRLHXAXJ,https://www.amazon.de/dp/B0C5Z2NC9Y,2026-06-10 06:12:58,daily_full_refresh,2026-06-10
DE,B0BHC41KYN,B0FY5RHDR1,302-0150694-8274733,RGWEH9981WMUM,Spigen Reisepass Hülle mit RFID-Blockierung und SIM-Karten-Pin Passport Cover aus Kunstleder - Zwart,Tolle Hülle,"Mega, wie alles von dem Hersteller",5,2026-06-04 17:38:56,Micky,Y,N,https://www.amazon.de/gp/customer-reviews/RGWEH9981WMUM,https://www.amazon.de/dp/B0BHC41KYN,2026-06-10 06:12:58,daily_full_refresh,2026-06-10
DE,B096HGL4N6,B0GL95FM1Z,305-2725105-7135509,R73B3FF076J1E,Spigen Mag Armor MagFit Hülle Kompatibel mit iPhone 13 Pro Kompatibel mit MagSafe Magnetisch -Matte Black,Geniale Handyhülle,"Hab nach über 4 Jahren nochmal die gleiche geholt - super haltbar, praktisch, schützt das Telefon, vor allem auch die Kante des Bildschirms.",5,2026-06-04 17:34:59,Herwig Senfter,Y,N,https://www.amazon.de/gp/customer-reviews/R73B3FF076J1E,https://www.amazon.de/dp/B096HGL4N6,2026-06-10 06:12:58,daily_full_refresh,2026-06-10
DE,B0D4N94TG6,B0D4N94TG6,,R2FJSRDYXRFAIA,Caseology Snap Fit für Google Pixel 9 Pro XL Schutzfolie [gehärtetes Glas mit Installationsset] [kratzfest] Displayschutzfolie für Google Pixel 9 Pro XL – 2 Stück,Einfach Installation,Schutzglas tut was es soll und lässt sich leicht installieren/anbringen,5,2026-06-04 16:59:14,tompso,Y,N,https://www.amazon.de/gp/customer-reviews/R2FJSRDYXRFAIA,https://www.amazon.de/dp/B0D4N94TG6,2026-06-10 06:12:58,daily_full_refresh,2026-06-10
DE,B0BXBQF5MX,B0CCHD83KK,302-8610735-5833167,R15IECQ6ZPVMWU,"Spigen SafeView Magnetischer Blickschutzfilter für MacBook Air 13 Zoll (M5 2026 / M4 2025 / M3 2024 / M2 2022), Sichtschutzfilter, Blendschutz, Anti-Fingerabdruck, Abnehmbare Magnetfolie",Funktioniert gut,"Funktioniert gut und ließ sich leicht anbringen. Da sie nicht ringsherum befestigt wird, sondern nur punktuell, steht sie manchmal bei einem bestimmten Klappwinkel etwas vom eigentlichen Bildschirm ab, aber nur minimal. Meistens ist alles gut und die Kollegen wundern sich warum sie nichts sehen 😜",5,2026-06-04 16:44:37,FallenAtticus,Y,N,https://www.amazon.de/gp/customer-reviews/R15IECQ6ZPVMWU,https://www.amazon.de/dp/B0BXBQF5MX,2026-06-10 06:12:58,daily_full_refresh,2026-06-10
DE,B08SQBN68C,B08SQBN68C,302-7276593-9239534,R2EBCR6IRXRUNP,"Spigen OneTap Pro MagFit MagSafe Ständer, Kompatibel mit iPhone 17/16/15/14/13/12 Pro Max Air, AirPod Pro 2/3/4, Kabelloses Ladegerät Kompatibel mit iOS 17 StandBy Mode Induktive Ladestation - Schwarz",Gute Halterung,"Praktischer Helfer. Ich finde diese Halterung super, durch die Magnetische Befestigung und den großen Schwenkbereich kann man das Telefon laden und gleichzeitig etwas anschauen ohne das man sich Sorgen um Abstürze machen muss.",5,2026-06-04 16:41:49,Nieland,Y,N,https://www.amazon.de/gp/customer-reviews/R2EBCR6IRXRUNP,https://www.amazon.de/dp/B08SQBN68C,2026-06-10 06:12:58,daily_full_refresh,2026-06-10
DE,B0F865LMX6,B0F865LMX6,304-1557436-2781149,R25T74IK2GD28,Spigen Valentinus Pro Schlüsselanhänger Kompatibel mit AirTag 2/1 (2026/2021) Schlüssel Organizer bis 5 Schlüssel Ring für Autoschlüssel - Schwarz,Perfekt,Entspricht voll meiner Erwartung,5,2026-06-04 16:41:37,Herbert Gstettner,Y,N,https://www.amazon.de/gp/customer-reviews/R25T74IK2GD28,https://www.amazon.de/dp/B0F865LMX6,2026-06-10 06:12:58,daily_full_refresh,2026-06-10
