Sender,Ticket Link,Ticket Info,Desired Outcome,Action Required,TCK 전달예정,Confirmer,Confirmer Reply
"Image, image.png.",https://spigenhelp.zendesk.com/agent/tickets/1000149322,"링크: https://spigenhelp.zendesk.com/agent/tickets/1000149322
국가 / 제품: FR / Galaxy S24 Ultra Ultra Hybrid
ASIN=B0CM4RFNV9 / SKU=ACS07294
구매일자: 2024-09-19","1차: 범퍼 분리(사진 제출) → 사용 중 마모 가능성 안내 및 도움불가
2차(현재): EU 소비자법 근거로 제조결함 주장 및 환불/교환 요구 + 법적 조치 언급 → 재검토 요청","구매 1년 8개월 경과

(최근 2년) 총 주문 2개 / FBA 환불 1건 / 셀러 환불 0건 / 셀러 코드 발급 0건

사진상 범퍼-백플레이트 분리 확인되나, 장기간 사용에 따른 접착부 이탈 가능성 존재 (명확한 초기불량 단정 어려움)

내부 기준상 1년 이상 경과 + 사용 중 발생 손상으로 판단 시 보상 제외 케이스 해당

타고객 유사 전례: TPU/접착 분리 건 장기 사용 후 도움불가 처리 사례 존재 (#1000110842)

충성 고객 아님 (총 주문 2건)

법적 조치 및 ODR/기관 신고 언급(2년 워런티 주장) → 강성 클레임


※ 위 근거로 “제조상 결함 확인 불가, 사용 중 외부 영향 가능성 → 도움불가 2차 유지” 예정","고객 상황에 대한 유감 표현

사진 확인 결과 해당 현상은 외부 환경 및 사용 패턴에 따라 발생할 수 있음

제조상 결함은 확인되지 않았음

도움 불가한 점 양해 부탁(도움불가 2차)
, 2 replies, Last Reply: 10:07 AM
1",나아름 Jane 글로벌CX전략팀,"나아름 Jane 글로벌CX전략팀
@
김지우 Kevin 글로벌CX전략팀
 프로님, 고객 사용기간 1년 8개월 확인했습니다. 도움불가 2차 안내 부탁드립니다!
1"
"Image, image.png.",https://spigenhelp.zendesk.com/agent/tickets/1000149301,"링크: https://spigenhelp.zendesk.com/agent/tickets/1000149301
국가 / 제품: UK / iPhone 17 Pro Max SP Glas.tR
 EZ Fit Privacy
ASIN=B0D84JFDCS / SKU=AGL07908
구매일자: 2026-05-22",1차(현재): 글라스 2주 내 파손 주장(사진 제출) → 환불 또는 조치 요청,"구매 약 2주 미만 경과

(최근 2년) 총 주문 15개 / FBA 환불 0건 / 셀러 환불 3건 / 셀러 코드 발급 0건

사진상 크랙 형태가 외부 충격(압력/낙하 등)에 의한 파손 패턴으로 판단됨 (자연 균열 형태 아님)

고객 주장(무충격 파손)과 상충 → 제품 기인 결함으로 보기 어려움

동일 사유(글라스 깨짐)로 다수 환불 이력 존재 (#1000135546, #1000088235 등)

상이 이메일 3개 사용 + 과거 관리 대상 이력 확인 → 어뷰징 패턴 의심

내부 기준상 반복 클레임 및 외부 요인 파손 → 보상 제외


※ 위 근거로 “제조상 결함 확인 불가, 외부 충격에 의한 파손 + 반복 환불 이력 → 도움불가” 예정","제품 사용 중 불편을 겪으신 점 유감

확인 결과 사용 중 마찰 등에 의한 외부 요인으로 판단되어 워런티 대상이 아님

도움 불가한 점 양해 부탁
, 2 replies, Last Reply: 10:09 AM
1",나아름 Jane 글로벌CX전략팀,"나아름 Jane 글로벌CX전략팀
@
김지우 Kevin 글로벌CX전략팀
 프로님, 셀러 환불 3건 이력 확인했습니다. 프로님이 말씀하신대로 환불 어뷰징 고객으로 사료되어 도움불가 안내 부탁드립니다.
1"
임영신 June 글로벌CX전략팀,https://spigenhelp.zendesk.com/agent/tickets/1000149112,"https://spigenhelp.zendesk.com/agent/tickets/1000149112
국가 / 제품: IN / iPhone 14 Plus용 Silicone Fit MagFit 
ASIN: B0B1P373BY
구매일자: 2025-02-03","1차 :iPhone 14 Plus용 Silicone Fit MagFit를 새로 구매했는데 이전 제품과 동일한 문제가 다시 발생했음. 케이스가 다시 변형되었으며, 특히 볼륨 버튼과 전원 버튼 주변이 부풀어 오르는 증상이 나타남. 정상적으로 사용하던 중 동일한 문제가 두 번째로 발생
-> 제품 사진 + 파손 경위 문의
 
2차: (사진 첨부) 앞서 말씀드린 것처럼 볼륨 버튼 부분이 파손됨","(최근 2년) 총 주문 제품 2개 / FBA 환불 제품 0개 / 셀러 환불 1건 / MCF 발송 0건

이전 환불 티켓 #1000134474 iPhone 14 Plus용 Silicone Fit MagFit 케이스 볼륨 버튼과 잠금 버튼 주변이 변형되어 돌출되었음. -> 폐기 사진 후 100% 환불","고객 불편 유감

첨부 사진에서 제조상의 결함 확인되지 않음+그러나 고객 불편 고려하여 예외적으로 환불 도움 드림",,
Reactions: 1 ✔️,https://spigenhelp.zendesk.com/agent/tickets/1000149250,"링크: https://spigenhelp.zendesk.com/agent/tickets/1000149250
국가 / 제품: UK / iPhone 16 Pro Max Ultra Hybrid
ASIN=B0D21Q551B / SKU=ACS07992
구매일자: 2024-11-17","1차: 황변 발생 주장 → 폐기사진 요청 후 환불 진행
2차: 추가 사용 후 황변 심화 주장 → 사용환경 영향 안내 및 도움불가
3차(현재): 평생 보증 주장하며 재클레임 → 환불/보상 재요청","구매 약 18개월 경과

(최근 2년) 총 주문 1개 / FBA 환불 0건 / 셀러 환불 0건 / 셀러 코드 발급 0건

최초 인입 이후 추가 약 1년 이상 지속 사용 후 재클레임 → 장기사용에 따른 자연 변색 가능성 높음

황변은 사용 환경(자외선, 열, 오염 등)에 따른 외부 요인 영향이 큰 이슈로 제조상 결함 단정 불가

내부 기준상 장기간 사용 후 발생한 외관 변화 → 워런티 대상 제외

고객 “평생 보증” 주장 및 1점 리뷰 언급 → 불만 강도 존재


※ 위 근거로 “제조상 결함 확인 불가, 장기사용 및 외부 요인에 따른 변색 → NRN 처리” 예정","*NRN
, 2 replies, Last Reply: 10:10 AM
1",나아름 Jane 글로벌CX전략팀,"나아름 Jane 글로벌CX전략팀
@
김지우 Kevin 글로벌CX전략팀
 프로님, 저희가 평생 변색되지 않는다고 홍보한적이 없는데 고객이 오해하고 있는 것 같습니다. 배드리뷰 작성 및 저희 제품 앞으로 구매하지 않겠다고 언급하였으니 말씀하신대로 NRN이 적절할 것 같습니다.
1"
"Image, image.png.",https://spigenhelp.zendesk.com/agent/tickets/1000149111,"링크: https://spigenhelp.zendesk.com/agent/tickets/1000149111
국가 / 제품: DE / Google Pixel 10 Pro XL PowerArc (EF323MQ)
ASIN=B0FRD6N8JV / SKU=ACH10398
구매일자: 2026-02-05","1차: 충전 불량 주장 → 영상 및 정보 요청
2차: 추가 영상 제출 → 문제 재현 설명
3차(현재): 동일 조건에서 타 충전기는 정상 작동, 해당 제품만 무선충전 불가 → 환불/조치 요청","구매 약 4개월 경과

(최근 2년) 총 주문 1개 / FBA 환불 0건 / 셀러 환불 0건 / 셀러 코드 발급 0건

동일 어댑터/케이블 환경에서 타 충전기는 정상 작동, 해당 제품만 무선충전 불가 → 제품 기능 이상 가능성 있음

영상상 LED 점등 후 꺼짐 현상 반복 → 정상 동작 아님

외부 요인(케이블/어댑터) 배제된 상태로 고객 주장 신뢰성 있음

단일 주문, 환불 이력 없음 → 어뷰징 정황 없음


※ 위 근거로 “제조상 결함 확인 불가하나, 고객 불편 고려 환불 100%” 예정","제품 사용 중 불편을 겪으신 점 유감

확인 결과 제조상 결함은 발견되지 않았으나, 고객 불편을 고려하여 환불로 도움
, 2 replies, Last Reply: 10:53 AM
1",나아름 Jane 글로벌CX전략팀,"나아름 Jane 글로벌CX전략팀
@
김지우 Kevin 글로벌CX전략팀
 프로님, 고객 첨부영상 확인했습니다. 작성하신대로 환불 도움 부탁드립니다!
1"
"Video, IMG_2312 (1).mp4. 3 seconds",https://spigenhelp.zendesk.com/agent/tickets/1000149254,"링크: https://spigenhelp.zendesk.com/agent/tickets/1000149254
국가 / 제품: IT / iPad Pro 11 (24) (New Biz)_LD207W2
ASIN=B0FFFM7RCD / SKU=AMP09838
구매일자: 2025-10-25","1차: 충전 스탠드 완전 작동 불가 및 충전 불가 주장 → 영상, 어댑터/케이블 정보, OS 확인 요청
2차(현재): 영상 및 액세서리 정보 제출, 정상 사용 중 최근 갑작스러운 작동 불가 → 환불/교체 요청","구매 약 7개월 경과

(최근 2년) 총 주문 8개 / FBA 환불 5건 / 셀러 환불 0건 / 셀러 코드 발급 0건

영상 확인 기반 충전 불가 재현(타사케이블 사용)되며, 다양한 어댑터/케이블 교차 테스트로 외부 요인 배제 주장

영상상 케이블을 디바이스에 꽂으면 충전되나, 슈피겐 스텐드에 꽂으면 (무선)충전이 안됨 확인 가능

GCX 기준상 명확한 제조상 결함 단정은 어려우나, 기능 미작동 이슈로 고객 불편 인정 가능

타고객 유사 전례 (#1000148721, #1000148151) 동일 제품 충전 불량 → 100% 환불 진행 사례 존재

총 주문 대비 FBA 환불 비율 높아 충성 고객 아님


※ 위 근거로 “제조상 결함 확인 불가, 고객 불편 고려 환불” 예정","제품 사용 중 불편을 겪으신 점 유감
확인 결과 제조상 결함은 발견되지 않았으나, 고객 불편을 고려하여 환불로 도움 예정
Play (k)
download
Download
Full screen (f)
Mute (m)
, 2 replies, Last Reply: 12:18 PM
1",나아름 Jane 글로벌CX전략팀,"나아름 Jane 글로벌CX전략팀
@
김지우 Kevin 글로벌CX전략팀
 네 프로님, 고객이 제품 교체를 요구했지만 동일하게 충전 중단가능성 있어 예외적 환불로 도움 부탁드립니다!
1"
임영신 June 글로벌CX전략팀,https://spigenhelp.zendesk.com/agent/tickets/1000149359,"https://spigenhelp.zendesk.com/agent/tickets/1000149359
국가 / 제품: IN / iPhone 17 Pro용 LA 케이스 
ASIN: B0FD1PBKD8
구매일자: 2026-05-01","1차: 케이스 내부에 지속적으로 습기가 차오르면서 자신의 휴대폰이 손상될 위험이 있음. 해당 문제는 한두 번이 아닌 제품 사용을 시작한 이후 여러 차례 반복됨 (사진 첨부)
-> 사용 환경 문의

2차: 케이스를 비나 물에 노출하지 않고, 일상적인 정상 사용 환경에서만 사용했음. 습기 문제는 일반적인 사용 중 3~4회 반복적으로 발생함.
해당 상황은 통화 중, 주머니에 넣고 다닐 때, 실내외를 이동할 때 발생함. 오사용으로 인한 것이 아니라고 함. 휴대폰 뒷면과 케이스 안쪽 표면 사이에 습기가 차는 현상이 발생함.
통풍이 제대로 되지 않는 디자인 또는 소재 결함으로 보임. 반복적으로 발생하는 문제이며, 기기에 손상을 줄 위험이 있어 명확한 해결 방안을 요청함.","(최근 2년) 총 주문 제품 8개 / FBA 환불 제품 0개 / 셀러 환불 1건 / MCF 발송 0건 -> 충성 고객
구매 후 1개월 경과","고객 불편 유감

사진 확인 시, 제품의 제조상 결함 확인되지 않음 + 도움 불가 1차 안내
, 2 replies, Last Reply: 3:25 PM
1",나아름 Jane 글로벌CX전략팀,"나아름 Jane 글로벌CX전략팀
@
임영신 June 글로벌CX전략팀
 프로님, 안녕하세요!

해당 제품으로 습기가 찬다는 이슈는 이 고객뿐인 것 같은데요, 아무래도 고객의 사용환경에 의한 것이 큰 것 같습니다.

또한 충성고객이긴 하지만, 2년 전 셀러환불을 받아간 이력 2건과 최근 1건을 보아 환불 어뷰징 고객으로도 사료됩니다.

1. 고객 상황 유감 표현
2. 동일현상 보고된 바 없음
3. 고객 사용환경 및 습관에 의해 발생된 것으로 보여지며 워런티 제공 대상 아닌 점 양해 부탁
4. 도움불가 안내
1
1"
